cycle,average_precision,average_recall,cumulative_precision,f1_score
1,0.7071381178539964,0.8262063584471357,0.6512118018967334,0.7620492567732355
2,0.7071381178539964,0.8262063584471357,0.6512118018967334,0.7620492567732355
3,0.7071381178539964,0.8262063584471357,0.6512118018967334,0.7620492567732355
