subject,correction_prompt
Q107365,"The following triples for the subject need attention:

Errors:
Triple: ['five-year contract', 'instance of', 'contract']
Error: Instance type 'contract' not valid for subject 'five-year contract' with property 'participant in'

Triple: ['five-year contract', 'participant in', 'Manuel Neuer']
Error: Subject 'five-year contract' type 'contract' does not satisfy the property 'participant in' subject constraints: ['group of humans', 'group of fictional characters', 'nation at competition', 'individual animal', 'creative work', 'sports team', 'vessel', 'humanoid robot', 'person', 'fictional character', 'software', 'computer', 'human']

Triple: ['five-year contract', 'work period (start)', '1 June 2011']
Error: Subject 'five-year contract' type 'contract' does not satisfy the property 'work period (start)' subject constraints: ['VTuber', 'fictional humanoid', 'fictional character', 'group of humans', 'human', 'fictional human']

Triple: ['five-year contract', 'work period (end)', 'June 2016']
Error: Relation 'work period (end)' not present in subject properties for 'five-year contract'

Please provide a corrected set of triples for this subject, addressing the errors and unused declarations mentioned above."
Q1073739,"The following triples for the subject need attention:

Errors:
Triple: ['positronic brains', 'instance of', 'artificial object']
Error: Instance type 'artificial object' not valid for object 'positronic brains' with property 'creator'

Triple: ['Susan Calvin', 'creator', 'positronic brains']
Error: Subject 'Susan Calvin' type 'person' does not satisfy the property 'creator' subject constraints: ['social media account', 'human activity', 'group of works', 'artificial object', 'hypothetical entity', 'item of collection or exhibition', 'fictional entity', 'campaign', 'event', 'attraction', 'statement', 'product', 'genre', 'work', 'brand', 'agreement', 'project', 'optical illusion', 'symbol', 'concept', 'system']

Unused Declarations:
Triple: [""bachelor's degree"", 'instance of', 'academic degree']
Note: Subject 'bachelor's degree' is not used in other triples.

Triple: ['2003', 'instance of', 'year']
Note: Subject '2003' is not used in other triples.

Please provide a corrected set of triples for this subject, addressing the errors and unused declarations mentioned above."
Q107405,"The following triples for the subject need attention:

Unused Declarations:
Triple: ['Hans Falkenhagen', 'instance of', 'human']
Note: Subject 'Hans Falkenhagen' is not used in other triples.

Please provide a corrected set of triples for this subject, addressing the errors and unused declarations mentioned above."
Q107450,"The following triples for the subject need attention:

Unused Declarations:
Triple: ['1982', 'instance of', 'year']
Note: Subject '1982' is not used in other triples.

Please provide a corrected set of triples for this subject, addressing the errors and unused declarations mentioned above."
Q1074540,"The following triples for the subject need attention:

Errors:
Triple: ['Monza', 'instance of', 'geographic location']
Error: Instance type 'geographic location' not valid for object 'Monza' with property 'member of sports team'

Triple: ['Filippo Savi', 'member of sports team', 'Monza']
Error: Object 'Monza' type 'geographic location' does not satisfy the property 'member of sports team' value constraints: ['professional wrestling stable', 'department of a sports club', 'fictional sports club', 'fictional sports team', 'sports team', 'tag team', 'clan', 'sports club']

Triple: ['Filippo Savi', 'work period (start)', 'January 2007']
Error: Object 'January 2007' not defined as an instance.

Triple: ['Filippo Savi', 'work period (start)', 'July 2008']
Error: Object 'July 2008' not defined as an instance.

Unused Declarations:
Triple: ['Serie C1', 'instance of', 'sports club']
Note: Subject 'Serie C1' is not used in other triples.

Please provide a corrected set of triples for this subject, addressing the errors and unused declarations mentioned above."
Q1075016,"The following triples for the subject need attention:

Errors:
Triple: ['2005 Russian season', 'instance of', 'sports season']
Error: Instance type 'sports season' not valid for subject '2005 Russian season' with property 'member of sports team'

Triple: ['Francesco Ruopolo', 'position played on team / speciality', 'playing']
Error: Object 'playing' not defined as an instance.

Triple: ['Parma', 'sport', 'soccer']
Error: Object 'soccer' not defined as an instance.

Triple: ['FC Lokomotiv Moscow', 'sport', 'soccer']
Error: Object 'soccer' not defined as an instance.

Triple: ['Francesco Ruopolo', 'occupation', 'soccer player']
Error: Object 'soccer player' not defined as an instance.

Triple: ['2005 Russian season', 'member of sports team', 'FC Lokomotiv Moscow']
Error: Subject '2005 Russian season' type 'sports season' does not satisfy the property 'member of sports team' subject constraints: ['VTuber', 'mascot', 'group of humans', 'fictional human', 'mascot character', 'fictional character', 'human']

Triple: ['Francesco Ruopolo', 'family name', 'Ruopolo']
Error: Object 'Ruopolo' not defined as an instance.

Triple: ['Francesco Ruopolo', 'given name', 'Francesco']
Error: Object 'Francesco' not defined as an instance.

Unused Declarations:
Triple: ['UEFA Cup', 'instance of', 'sports event']
Note: Subject 'UEFA Cup' is not used in other triples.

Triple: ['Coppa Italia', 'instance of', 'sports event']
Note: Subject 'Coppa Italia' is not used in other triples.

Triple: ['relegation playoffs', 'instance of', 'sports event']
Note: Subject 'relegation playoffs' is not used in other triples.

Please provide a corrected set of triples for this subject, addressing the errors and unused declarations mentioned above."
Q10754,"The following triples for the subject need attention:

Errors:
Triple: ['Almen Abdi', 'occupation', 'football player']
Error: Object 'football player' not defined as an instance.

Triple: ['Crystal Palace', 'instance of', 'sports team']
Error: Instance type 'sports team' not valid for subject 'Crystal Palace' with property 'league'

Triple: ['Watford', 'league', 'football league']
Error: Object 'football league' not defined as an instance.

Triple: ['Crystal Palace', 'league', 'football league']
Error: Object 'football league' not defined as an instance.

Triple: ['Almen Abdi', 'work period (start)', 'July 2012']
Error: Object 'July 2012' not defined as an instance.

Triple: ['Almen Abdi', 'sport', 'football']
Error: Object 'football' not defined as an instance.

Triple: ['Almen Abdi', 'given name', 'Almen']
Error: Object 'Almen' not defined as an instance.

Triple: ['Almen Abdi', 'family name', 'Abdi']
Error: Object 'Abdi' not defined as an instance.

Please provide a corrected set of triples for this subject, addressing the errors and unused declarations mentioned above."
Q10758,"The following triples for the subject need attention:

Errors:
Triple: ['Blackburn Rovers', 'instance of', 'sports team']
Error: Instance type 'sports team' not valid for subject 'Blackburn Rovers' with property 'country for sport'

Triple: ['Marco Cassetti', 'country of citizenship', 'Italy']
Error: Object 'Italy' not defined as an instance.

Triple: ['Watford', 'country for sport', 'England']
Error: Object 'England' not defined as an instance.

Triple: ['Blackburn Rovers', 'country for sport', 'England']
Error: Object 'England' not defined as an instance.

Triple: ['Marco Cassetti', 'occupation', 'soccer player']
Error: Object 'soccer player' not defined as an instance.

Triple: ['Marco Cassetti', 'work period (start)', 'June 2013']
Error: Object 'June 2013' not defined as an instance.

Triple: ['Marco Cassetti', 'given name', 'Marco']
Error: Object 'Marco' not defined as an instance.

Triple: ['Marco Cassetti', 'family name', 'Cassetti']
Error: Object 'Cassetti' not defined as an instance.

Please provide a corrected set of triples for this subject, addressing the errors and unused declarations mentioned above."
Q1076352,"The following triples for the subject need attention:

Errors:
Triple: ['Manuel Coppola', 'given name', 'Manuel']
Error: Object 'Manuel' not defined as an instance.

Triple: ['Manuel Coppola', 'family name', 'Coppola']
Error: Object 'Coppola' not defined as an instance.

Triple: ['Manuel Coppola', 'sport', 'football']
Error: Object 'football' not defined as an instance.

Please provide a corrected set of triples for this subject, addressing the errors and unused declarations mentioned above."
Q10764,"The following triples for the subject need attention:

Errors:
Triple: ['Watford', 'instance of', 'geographic location']
Error: Instance type 'geographic location' not valid for object 'Watford' with property 'member of sports team'

Triple: ['loan deal', 'instance of', 'sports transaction']
Error: Instance type 'sports transaction' not valid for subject 'loan deal' with property 'date of birth'

Triple: ['Jonathan Bond', 'member of sports team', 'Watford']
Error: Object 'Watford' type 'geographic location' does not satisfy the property 'member of sports team' value constraints: ['professional wrestling stable', 'department of a sports club', 'fictional sports club', 'fictional sports team', 'sports team', 'tag team', 'clan', 'sports club']

Triple: ['Forest Green Rovers', 'league', 'Conference National']
Error: Object 'Conference National' not defined as an instance.

Triple: ['Dagenham & Redbridge', 'league', 'League Two']
Error: Subject 'Dagenham & Redbridge' type 'sports team' does not satisfy the property 'league' subject constraints: ['sports award', 'sports transaction', 'sporting event', 'sports organization', 'competition', 'human']

Triple: ['Jonathan Bond', 'sport', 'football']
Error: Object 'football' not defined as an instance.

Triple: ['loan deal', 'date of birth', '4 November 2011']
Error: Subject 'loan deal' type 'sports transaction' does not satisfy the property 'date of birth' subject constraints: ['individual organism', 'hypothetical person', 'prosopographical phantom', 'fictional human formerly considered to be historical', 'captive mammal', 'stillborn child', 'clonal colony', 'fictional organism', 'human whose existence is disputed', 'Hominin fossil', 'legendary figure', 'fictional animal character', 'fictional character', 'house cat', 'horse', 'human', 'dog']

Triple: ['loan deal', 'date of birth', '23 February 2012']
Error: Subject 'loan deal' type 'sports transaction' does not satisfy the property 'date of birth' subject constraints: ['individual organism', 'hypothetical person', 'prosopographical phantom', 'fictional human formerly considered to be historical', 'captive mammal', 'stillborn child', 'clonal colony', 'fictional organism', 'human whose existence is disputed', 'Hominin fossil', 'legendary figure', 'fictional animal character', 'fictional character', 'house cat', 'horse', 'human', 'dog']

Triple: ['loan deal', 'date of birth', 'August 2011']
Error: Subject 'loan deal' type 'sports transaction' does not satisfy the property 'date of birth' subject constraints: ['individual organism', 'hypothetical person', 'prosopographical phantom', 'fictional human formerly considered to be historical', 'captive mammal', 'stillborn child', 'clonal colony', 'fictional organism', 'human whose existence is disputed', 'Hominin fossil', 'legendary figure', 'fictional animal character', 'fictional character', 'house cat', 'horse', 'human', 'dog']

Please provide a corrected set of triples for this subject, addressing the errors and unused declarations mentioned above."
Q1076511,"The following triples for the subject need attention:

Errors:
Triple: ['John Opie', 'instance of', 'painter']
Error: Instance type 'painter' not valid for subject 'John Opie' with property 'occupation'

Triple: ['John Opie', 'occupation', 'painter']
Error: Object 'painter' not defined as an instance.

Triple: ['John Opie', 'spouse', 'Amelia Opie']
Error: Subject 'John Opie' type 'painter' does not satisfy the property 'spouse' subject constraints: ['human whose existence is disputed', 'legendary figure', 'mythical character', 'processional giant', 'person', 'fictional character', 'human']

Please provide a corrected set of triples for this subject, addressing the errors and unused declarations mentioned above."
Q107656,"The following triples for the subject need attention:

Errors:
Triple: ['Tucson, Arizona', 'instance of', 'geographic entity']
Error: Instance type 'geographic entity' not associated with any property for subject 'Tucson, Arizona'

Triple: ['Jean Simmons', 'date of marriage', '20 December 1950']
Error: Error: Property 'date of marriage' not found in properties.

Triple: ['Jean Simmons', 'place of marriage', 'Tucson, Arizona']
Error: Error: Property 'place of marriage' not found in properties.

Triple: ['Jean Simmons', 'date of second marriage', '1 November 1960']
Error: Error: Property 'date of second marriage' not found in properties.

Triple: ['Kate Brooks', 'date of birth', '1961']
Error: Object '1961' not defined as an instance.

Please provide a corrected set of triples for this subject, addressing the errors and unused declarations mentioned above."
Q10767,"The following triples for the subject need attention:

Errors:
Triple: ['Tommie Hoban', 'sport', 'football']
Error: Object 'football' not defined as an instance.

Triple: ['Wealdstone vs Dartford Match on 14 February 2012', 'sport', 'football']
Error: Subject 'Wealdstone vs Dartford Match on 14 February 2012' not defined as an instance. and Object 'football' not defined as an instance.

Triple: ['Watford vs Charlton Athletic Match on 2 October 2012', 'sport', 'football']
Error: Subject 'Watford vs Charlton Athletic Match on 2 October 2012' not defined as an instance. and Object 'football' not defined as an instance.

Triple: ['Tommie Hoban', 'date of birth', 'Unknown']
Error: Object 'Unknown' not defined as an instance.

Triple: ['Tommie Hoban', 'place of birth', 'Unknown']
Error: Object 'Unknown' not defined as an instance.

Triple: ['Tommie Hoban', 'sex or gender', 'Unknown']
Error: Object 'Unknown' not defined as an instance.

Triple: ['Tommie Hoban', 'country of citizenship', 'Unknown']
Error: Object 'Unknown' not defined as an instance.

Triple: ['Dartford', 'instance of', 'sports team']
Error: Instance type 'sports team' not valid for subject 'Dartford' with property 'country for sport'

Triple: ['Charlton Athletic', 'instance of', 'sports team']
Error: Instance type 'sports team' not valid for subject 'Charlton Athletic' with property 'country for sport'

Triple: ['Wealdstone', 'country for sport', 'Unknown']
Error: Object 'Unknown' not defined as an instance.

Triple: ['Watford', 'country for sport', 'Unknown']
Error: Object 'Unknown' not defined as an instance.

Triple: ['Dartford', 'country for sport', 'Unknown']
Error: Object 'Unknown' not defined as an instance.

Triple: ['Charlton Athletic', 'country for sport', 'Unknown']
Error: Object 'Unknown' not defined as an instance.

Triple: ['Tommie Hoban', 'occupation', 'Unknown']
Error: Object 'Unknown' not defined as an instance.

Triple: ['Tommie Hoban', 'given name', 'Tommie']
Error: Object 'Tommie' not defined as an instance.

Triple: ['Tommie Hoban', 'family name', 'Hoban']
Error: Object 'Hoban' not defined as an instance.

Unused Declarations:
Triple: ['Match on 14 February 2012', 'instance of', 'sporting event']
Note: Subject 'Match on 14 February 2012' is not used in other triples.

Triple: ['Match on 2 October 2012', 'instance of', 'sporting event']
Note: Subject 'Match on 2 October 2012' is not used in other triples.

Triple: ['FA Trophy campaign 2012', 'instance of', 'sports season']
Note: Subject 'FA Trophy campaign 2012' is not used in other triples.

Please provide a corrected set of triples for this subject, addressing the errors and unused declarations mentioned above."
Q107691,"The following triples for the subject need attention:

Errors:
Triple: ['1961', 'instance of', 'year']
Error: Instance type 'year' not associated with any property for subject '1961'

Triple: ['Csilla von Boeselager', 'date of graduation', '1961']
Error: Error: Property 'date of graduation' not found in properties.

Triple: ['Csilla von Boeselager', 'field of work', 'chemistry']
Error: Relation 'field of work' not present in subject properties for 'Csilla von Boeselager'

Please provide a corrected set of triples for this subject, addressing the errors and unused declarations mentioned above."
Q1077361,"The following triples for the subject need attention:

Errors:
Triple: ['Chris Innis', 'occupation', 'film editor']
Error: Object 'film editor' not defined as an instance.

Triple: ['Bob Murawski', 'occupation', 'film editor']
Error: Object 'film editor' not defined as an instance.

Triple: ['Bob Murawski', 'occupation', 'film distributor']
Error: Object 'film distributor' not defined as an instance.

Please provide a corrected set of triples for this subject, addressing the errors and unused declarations mentioned above."
Q1077370,"The following triples for the subject need attention:

Errors:
Triple: ['Juventus', 'work period (start)', 'summer 2001']
Error: Object 'summer 2001' not defined as an instance.

Triple: ['Verona', 'work period (start)', 'summer 2001']
Error: Object 'summer 2001' not defined as an instance.

Please provide a corrected set of triples for this subject, addressing the errors and unused declarations mentioned above."
Q1077596,"The following triples for the subject need attention:

Errors:
Triple: ['Lake Malawi National Park', 'heritage designation', 'UNESCO World Heritage Site']
Error: Object 'UNESCO World Heritage Site' not defined as an instance.

Triple: ['Lake Malawi National Park', 'inception', '1984']
Error: Object '1984' not defined as an instance.

Triple: ['Lake Malawi National Park', 'significance', 'global importance for biodiversity conservation']
Error: Error: Property 'significance' not found in properties.

Triple: ['Lake Malawi National Park', 'World Heritage criteria', 'fish diversity']
Error: Object 'fish diversity' not defined as an instance.

Please provide a corrected set of triples for this subject, addressing the errors and unused declarations mentioned above."
Q1077723,"The following triples for the subject need attention:

Errors:
Triple: ['Chris Robinson', 'occupation', 'musician']
Error: Object 'musician' not defined as an instance.

Triple: ['Frank Zappa', 'occupation', 'musician']
Error: Object 'musician' not defined as an instance.

Triple: ['Chris Robinson', 'date of birth', 'September 8, 1996']
Error: Object 'September 8, 1996' not defined as an instance.

Triple: ['Chris Robinson', 'country of citizenship', 'United States']
Error: Object 'United States' not defined as an instance.

Triple: ['Lala Sloatman', 'country of citizenship', 'United States']
Error: Object 'United States' not defined as an instance.

Triple: ['Frank Zappa', 'country of citizenship', 'United States']
Error: Object 'United States' not defined as an instance.

Triple: ['Kate Hudson', 'country of citizenship', 'United States']
Error: Object 'United States' not defined as an instance.

Triple: ['Chris Robinson', 'family name', 'Robinson']
Error: Object 'Robinson' not defined as an instance.

Triple: ['Lala Sloatman', 'family name', 'Sloatman']
Error: Object 'Sloatman' not defined as an instance.

Triple: ['Frank Zappa', 'family name', 'Zappa']
Error: Object 'Zappa' not defined as an instance.

Triple: ['Kate Hudson', 'family name', 'Hudson']
Error: Object 'Hudson' not defined as an instance.

Triple: ['Kate Hudson', 'sex or gender', 'female']
Error: Object 'female' not defined as an instance.

Triple: ['Chris Robinson', 'sex or gender', 'male']
Error: Object 'male' not defined as an instance.

Triple: ['Lala Sloatman', 'sex or gender', 'female']
Error: Object 'female' not defined as an instance.

Triple: ['Frank Zappa', 'sex or gender', 'male']
Error: Object 'male' not defined as an instance.

Triple: ['The Kids in the Hall', 'described by source', 'The Kids in the Hall Season 5 DVD commentary']
Error: Object 'The Kids in the Hall Season 5 DVD commentary' not defined as an instance.

Please provide a corrected set of triples for this subject, addressing the errors and unused declarations mentioned above."
Q1077819,"The following triples for the subject need attention:

Errors:
Triple: ['Bachelor of Arts', 'instance of', 'degree']
Error: Instance type 'degree' not valid for object 'Bachelor of Arts' with property 'occupation'

Unused Declarations:
Triple: ['1982', 'instance of', 'year']
Note: Subject '1982' is not used in other triples.

Please provide a corrected set of triples for this subject, addressing the errors and unused declarations mentioned above."
Q1077821,"The following triples for the subject need attention:

Errors:
Triple: ['Formula One', 'instance of', 'sporting event']
Error: Instance type 'sporting event' not valid for object 'Formula One' with property 'member of'

Triple: ['Fernando Alonso', 'member of', 'Formula One']
Error: Object 'Formula One' type 'sporting event' does not satisfy the property 'member of' value constraints: ['fictional criminal organization', 'commission', 'fraternal hall', 'group', 'group of humans', 'fictional organization', 'group of fictional characters', 'collective', 'church congregation', 'social movement', 'network', 'Christian ministry', 'voluntary association', ""employers' organization"", 'subculture', 'organization', 'advocacy group', 'synagogue']

Unused Declarations:
Triple: ['17 November 2006', 'instance of', 'date']
Note: Subject '17 November 2006' is not used in other triples.

Please provide a corrected set of triples for this subject, addressing the errors and unused declarations mentioned above."
Q1078039,"The following triples for the subject need attention:

Errors:
Triple: ['John Tait Robertson', 'occupation', 'footballer']
Error: Object 'footballer' not defined as an instance.

Triple: ['John Tait Robertson', 'member of sports team', 'Morton']
Error: Object 'Morton' not defined as an instance.

Triple: ['John Tait Robertson', 'member of sports team', 'Everton']
Error: Object 'Everton' not defined as an instance.

Triple: ['Scotland vs England, 2 April 1898', 'instance of', 'football match']
Error: Instance type 'football match' not valid for subject 'Scotland vs England, 2 April 1898' with property 'participant'

Triple: ['Scotland vs England, 2 April 1898', 'participant', 'John Tait Robertson']
Error: Relation 'participant' not present in subject properties for 'Scotland vs England, 2 April 1898'

Please provide a corrected set of triples for this subject, addressing the errors and unused declarations mentioned above."
Q10781,"The following triples for the subject need attention:

Errors:
Triple: ['Geoffrey Mujangi Bia', 'country of citizenship', 'Belgium']
Error: Object 'Belgium' not defined as an instance.

Triple: ['Geoffrey Mujangi Bia', 'occupation', 'football player']
Error: Object 'football player' not defined as an instance.

Triple: ['Geoffrey Mujangi Bia', 'country for sport', 'Belgium']
Error: Object 'Belgium' not defined as an instance.

Triple: ['Standard Liège', 'league', 'Belgian football league system']
Error: Object 'Belgian football league system' not defined as an instance.

Triple: ['Watford F.C.', 'league', 'English Football League']
Error: Object 'English Football League' not defined as an instance.

Triple: ['Bradford City A.F.C.', 'instance of', 'sports team']
Error: Instance type 'sports team' not valid for subject 'Bradford City A.F.C.' with property 'league'

Triple: ['Bradford City A.F.C.', 'league', 'English Football League']
Error: Object 'English Football League' not defined as an instance.

Triple: ['League Cup', 'sport', 'football']
Error: Object 'football' not defined as an instance.

Triple: ['Geoffrey Mujangi Bia', 'date of birth', '12 August 1989']
Error: Object '12 August 1989' not defined as an instance.

Unused Declarations:
Triple: ['28 August 2012', 'instance of', 'date']
Note: Subject '28 August 2012' is not used in other triples.

Please provide a corrected set of triples for this subject, addressing the errors and unused declarations mentioned above."
Q1078285,"The following triples for the subject need attention:

Errors:
Triple: ['Nicolaas Govert de Bruijn', 'doctoral advisor', 'Jurjen Ferdinand Koksma']
Error: Object 'Jurjen Ferdinand Koksma' not defined as an instance.

Triple: ['Nicolaas Govert de Bruijn', 'educated at', 'Vrije Universiteit Amsterdam']
Error: Object 'Vrije Universiteit Amsterdam' not defined as an instance.

Please provide a corrected set of triples for this subject, addressing the errors and unused declarations mentioned above."
Q1078523,"The following triples for the subject need attention:

Errors:
Triple: ['Toshiaki Karasawa', 'occupation', 'actor']
Error: Object 'actor' not defined as an instance.

Triple: ['Tomoko Yamaguchi', 'occupation', 'actress']
Error: Object 'actress' not defined as an instance.

Please provide a corrected set of triples for this subject, addressing the errors and unused declarations mentioned above."
Q10787599,"The following triples for the subject need attention:

Unused Declarations:
Triple: ['United States', 'instance of', 'sovereign state']
Note: Subject 'United States' is not used in other triples.

Triple: ['2000', 'instance of', 'year']
Note: Subject '2000' is not used in other triples.

Please provide a corrected set of triples for this subject, addressing the errors and unused declarations mentioned above."
Q10788,"The following triples for the subject need attention:

Errors:
Triple: ['Nathaniel Chalobah', 'sport', 'football']
Error: Object 'football' not defined as an instance.

Triple: ['Nathaniel Chalobah', 'position played on team / speciality', 'captain']
Error: Object 'captain' not defined as an instance.

Triple: ['Nathaniel Chalobah', 'work period (start)', '2012']
Error: Object '2012' not defined as an instance.

Unused Declarations:
Triple: ['FA Youth Cup', 'instance of', 'sports competition']
Note: Subject 'FA Youth Cup' is not used in other triples.

Triple: ['Arsenal', 'instance of', 'sports team']
Note: Subject 'Arsenal' is not used in other triples.

Triple: ['UEFA Europa League', 'instance of', 'sports competition']
Note: Subject 'UEFA Europa League' is not used in other triples.

Triple: ['Legia Warsaw', 'instance of', 'sports team']
Note: Subject 'Legia Warsaw' is not used in other triples.

Triple: ['Doncaster Rovers', 'instance of', 'sports team']
Note: Subject 'Doncaster Rovers' is not used in other triples.

Triple: ['Yeovil Town', 'instance of', 'sports team']
Note: Subject 'Yeovil Town' is not used in other triples.

Please provide a corrected set of triples for this subject, addressing the errors and unused declarations mentioned above."
Q10789884,"The following triples for the subject need attention:

Errors:
Triple: ['Mahesh Chandra Mehta', 'given name', 'Mahesh']
Error: Object 'Mahesh' not defined as an instance.

Triple: ['Mahesh Chandra Mehta', 'family name', 'Mehta']
Error: Object 'Mehta' not defined as an instance.

Triple: ['Mahesh Chandra Mehta', 'country of citizenship', 'India']
Error: Object 'India' not defined as an instance.

Unused Declarations:
Triple: ['1996', 'instance of', 'year']
Note: Subject '1996' is not used in other triples.

Please provide a corrected set of triples for this subject, addressing the errors and unused declarations mentioned above."
Q10792,"The following triples for the subject need attention:

Errors:
Triple: ['Joel Ekstrand', 'occupation', 'football player']
Error: Object 'football player' not defined as an instance.

Triple: ['Joel Ekstrand', 'family name', 'Ekstrand']
Error: Object 'Ekstrand' not defined as an instance.

Triple: ['Joel Ekstrand', 'sport', 'football']
Error: Object 'football' not defined as an instance.

Unused Declarations:
Triple: ['2015', 'instance of', 'date']
Note: Subject '2015' is not used in other triples.

Triple: ['23 February 2013', 'instance of', 'date']
Note: Subject '23 February 2013' is not used in other triples.

Triple: ['Derby County', 'instance of', 'sports team']
Note: Subject 'Derby County' is not used in other triples.

Triple: ['injury', 'instance of', 'health problem']
Note: Subject 'injury' is not used in other triples.

Triple: ['goal', 'instance of', 'achievement']
Note: Subject 'goal' is not used in other triples.

Triple: ['win', 'instance of', 'result']
Note: Subject 'win' is not used in other triples.

Please provide a corrected set of triples for this subject, addressing the errors and unused declarations mentioned above."
Q1079775,"The following triples for the subject need attention:

Errors:
Triple: [""Paul d'Albert de Luynes"", 'position held', 'seventh occupant of Acad√©mie fran√ßaise seat 29']
Error: Object 'seventh occupant of Acad√©mie fran√ßaise seat 29' not defined as an instance.

Triple: [""Paul d'Albert de Luynes"", 'date of election', '1743']
Error: Error: Property 'date of election' not found in properties.

Please provide a corrected set of triples for this subject, addressing the errors and unused declarations mentioned above."
Q1079973,"The following triples for the subject need attention:

Errors:
Triple: ['Giovanni Garzia Millini', 'occupation', 'cardinal']
Error: Object 'cardinal' not defined as an instance.

Triple: ['Giovanni Garzia Millini', 'position held', 'cardinal']
Error: Object 'cardinal' not defined as an instance.

Triple: ['Giovanni Garzia Millini', 'consecrator', 'Pope Paul V']
Error: Subject 'Giovanni Garzia Millini' type 'human' does not satisfy the property 'consecrator' subject constraints: ['person']

Please provide a corrected set of triples for this subject, addressing the errors and unused declarations mentioned above."
Q1080060,"The following triples for the subject need attention:

Unused Declarations:
Triple: ['Stabat mater', 'instance of', 'novel']
Note: Subject 'Stabat mater' is not used in other triples.

Please provide a corrected set of triples for this subject, addressing the errors and unused declarations mentioned above."
Q1081523,"The following triples for the subject need attention:

Errors:
Triple: ['Herbert Ross', 'occupation', 'film director']
Error: Object 'film director' not defined as an instance.

Triple: ['Herbert Ross', 'occupation', 'choreographer']
Error: Object 'choreographer' not defined as an instance.

Please provide a corrected set of triples for this subject, addressing the errors and unused declarations mentioned above."
Q108165,"The following triples for the subject need attention:

Errors:
Triple: ['Best Interview', 'instance of', 'category']
Error: Instance type 'category' not associated with any property for subject 'Best Interview'

Triple: ['German Radio prize', 'in the category', 'Best Interview']
Error: Error: Property 'in the category' not found in properties.

Unused Declarations:
Triple: ['2010', 'instance of', 'year']
Note: Subject '2010' is not used in other triples.

Please provide a corrected set of triples for this subject, addressing the errors and unused declarations mentioned above."
Q1081935,"The following triples for the subject need attention:

Errors:
Triple: ['Leonel R√≠os', 'member of sports team', 'Independiente']
Error: Object 'Independiente' not defined as an instance.

Triple: ['Leonel R√≠os', 'work period (start)', '2008']
Error: Object '2008' not defined as an instance.

Unused Declarations:
Triple: ['Apertura 2008 tournament', 'instance of', 'tournament']
Note: Subject 'Apertura 2008 tournament' is not used in other triples.

Please provide a corrected set of triples for this subject, addressing the errors and unused declarations mentioned above."
Q10819807,"The following triples for the subject need attention:

Errors:
Triple: ['Andrej Babiš', 'position held', 'Prime Minister']
Error: Object 'Prime Minister' not defined as an instance.

Triple: ['Andrej Babiš', 'position held', 'member of political party']
Error: Object 'member of political party' not defined as an instance.

Triple: ['Andrej Babiš', 'occupation', 'politician']
Error: Object 'politician' not defined as an instance.

Triple: ['Minority government', 'instance of', 'government organization']
Error: Instance type 'government organization' not associated with any property for subject 'Minority government'

Triple: ['Minority government', 'composed of', 'ANO 2011 figures']
Error: Error: Property 'composed of' not found in properties.

Triple: ['Minority government', 'composed of', 'independents']
Error: Error: Property 'composed of' not found in properties.

Please provide a corrected set of triples for this subject, addressing the errors and unused declarations mentioned above."
Q1082092,"The following triples for the subject need attention:

Errors:
Triple: ['Christian Terlizzi', 'country of citizenship', 'Italy']
Error: Object 'Italy' not defined as an instance.

Please provide a corrected set of triples for this subject, addressing the errors and unused declarations mentioned above."
Q1082123,"The following triples for the subject need attention:

Unused Declarations:
Triple: ['2007 transfer window', 'instance of', 'time period']
Note: Subject '2007 transfer window' is not used in other triples.

Triple: ['January 2008', 'instance of', 'time period']
Note: Subject 'January 2008' is not used in other triples.

Please provide a corrected set of triples for this subject, addressing the errors and unused declarations mentioned above."
Q108245,"The following triples for the subject need attention:

Errors:
Triple: ['Der Stahlhelm', 'instance of', 'political organization']
Error: Instance type 'political organization' not valid for object 'Der Stahlhelm' with property 'member of'

Triple: ['Sturmabteilung', 'instance of', 'political organization']
Error: Instance type 'political organization' not valid for object 'Sturmabteilung' with property 'member of'

Triple: ['Friedrich Maurer', 'member of', 'Der Stahlhelm']
Error: Object 'Der Stahlhelm' type 'political organization' does not satisfy the property 'member of' value constraints: ['fictional criminal organization', 'commission', 'fraternal hall', 'group', 'group of humans', 'fictional organization', 'group of fictional characters', 'collective', 'church congregation', 'social movement', 'network', 'Christian ministry', 'voluntary association', ""employers' organization"", 'subculture', 'organization', 'advocacy group', 'synagogue']

Triple: ['Friedrich Maurer', 'member of', 'Sturmabteilung']
Error: Object 'Sturmabteilung' type 'political organization' does not satisfy the property 'member of' value constraints: ['fictional criminal organization', 'commission', 'fraternal hall', 'group', 'group of humans', 'fictional organization', 'group of fictional characters', 'collective', 'church congregation', 'social movement', 'network', 'Christian ministry', 'voluntary association', ""employers' organization"", 'subculture', 'organization', 'advocacy group', 'synagogue']

Triple: ['Nazi party', 'country of citizenship', 'Germany']
Error: Subject 'Nazi party' type 'political party' does not satisfy the property 'country of citizenship' subject constraints: ['group of humans', 'character that may or may not be fictional', 'fictional human', 'group of fictional characters', 'person', 'fictional character', 'human']

Triple: ['Sturmabteilung', 'employer', 'Friedrich Maurer']
Error: Subject 'Sturmabteilung' type 'political organization' does not satisfy the property 'employer' subject constraints: ['group of humans', 'fictional human', 'fictional location', 'fictional character', 'human']

Triple: ['Der Stahlhelm', 'employer', 'Friedrich Maurer']
Error: Subject 'Der Stahlhelm' type 'political organization' does not satisfy the property 'employer' subject constraints: ['group of humans', 'fictional human', 'fictional location', 'fictional character', 'human']

Triple: ['Friedrich Maurer', 'date of birth', 'unknown']
Error: Object 'unknown' not defined as an instance.

Triple: ['Friedrich Maurer', 'date of death', 'unknown']
Error: Object 'unknown' not defined as an instance.

Unused Declarations:
Triple: ['1933', 'instance of', 'year']
Note: Subject '1933' is not used in other triples.

Triple: ['1935', 'instance of', 'year']
Note: Subject '1935' is not used in other triples.

Please provide a corrected set of triples for this subject, addressing the errors and unused declarations mentioned above."
Q108260,"The following triples for the subject need attention:

Errors:
Triple: ['major general', 'instance of', 'military rank']
Error: Instance type 'military rank' not valid for object 'major general' with property 'occupation'

Triple: ['Consolidated Cavalry Corps', 'instance of', 'military unit']
Error: Instance type 'military unit' not associated with any property for subject 'Consolidated Cavalry Corps'

Triple: ['July that year', 'instance of', 'date']
Error: Instance type 'date' not associated with any property for subject 'July that year'

Triple: ['Pyotr Nikolayevich Wrangel', 'occupation', 'major general']
Error: Object 'major general' type 'military rank' does not satisfy the property 'occupation' value constraints: ['fictional analog of an occupation', 'Catholic vocation', 'Christian religious occupation', 'fictional religious occupation', 'fictional profession', 'occupation', 'position', 'job activity', 'title of authority', 'profession']

Triple: ['Pyotr Nikolayevich Wrangel', 'commander of (DEPRECATED)', '2nd Brigade of the Ussuri Cavalry Division']
Error: Subject 'Pyotr Nikolayevich Wrangel' type 'human' does not satisfy the property 'commander of (DEPRECATED)' subject constraints: ['person', 'fictional character']

Triple: ['2nd Brigade of the Ussuri Cavalry Division', 'merged with', 'Consolidated Cavalry Corps']
Error: Error: Property 'merged with' not found in properties.

Triple: ['Consolidated Cavalry Corps', 'instance of', 'military unit']
Error: Instance type 'military unit' not associated with any property for subject 'Consolidated Cavalry Corps'

Triple: ['Consolidated Cavalry Corps', 'date of creation or dissolution', 'July that year']
Error: Error: Property 'date of creation or dissolution' not found in properties.

Please provide a corrected set of triples for this subject, addressing the errors and unused declarations mentioned above."
Q1082896,"The following triples for the subject need attention:

Errors:
Triple: ['Shoji Meguro', 'occupation', 'demo tape']
Error: Object 'demo tape' not defined as an instance.

Triple: ['Shoji Meguro', 'occupation', 'interviews']
Error: Object 'interviews' not defined as an instance.

Triple: ['Shoji Meguro', 'employer', 'Atlus']
Error: Object 'Atlus' not defined as an instance.

Unused Declarations:
Triple: ['1995', 'instance of', 'year']
Note: Subject '1995' is not used in other triples.

Please provide a corrected set of triples for this subject, addressing the errors and unused declarations mentioned above."
Q1083483,"The following triples for the subject need attention:

Errors:
Triple: ['West Midlands Regional Assembly', 'instance of', 'political territorial entity']
Error: Instance type 'political territorial entity' not valid for object 'West Midlands Regional Assembly' with property 'member of'

Triple: ['Christine Crawley', 'member of', 'West Midlands Regional Assembly']
Error: Relation 'member of' not present in subject properties for 'Christine Crawley'

Unused Declarations:
Triple: ['Baroness Crawley', 'instance of', 'noble title']
Note: Subject 'Baroness Crawley' is not used in other triples.

Please provide a corrected set of triples for this subject, addressing the errors and unused declarations mentioned above."
Q1083673,"The following triples for the subject need attention:

Errors:
Triple: ['Matías Masiero', 'occupation', 'career']
Error: Object 'career' not defined as an instance.

Triple: ['Matías Masiero', 'work period (start)', '2006']
Error: Object '2006' not defined as an instance.

Please provide a corrected set of triples for this subject, addressing the errors and unused declarations mentioned above."
Q1083986,"The following triples for the subject need attention:

Errors:
Triple: ['Maria-Antonietta Macciocchi', 'position held', 'Member of the European Parliament']
Error: Object 'Member of the European Parliament' not defined as an instance.

Triple: ['Maria-Antonietta Macciocchi', 'member of political party', 'Radical Party']
Error: Object 'Radical Party' not defined as an instance.

Please provide a corrected set of triples for this subject, addressing the errors and unused declarations mentioned above."
Q1084442,"The following triples for the subject need attention:

Errors:
Triple: ['Roberto Vitiello', 'occupation', 'footballer']
Error: Object 'footballer' not defined as an instance.

Unused Declarations:
Triple: ['Serie B', 'instance of', 'sports team']
Note: Subject 'Serie B' is not used in other triples.

Triple: ['Giuseppe Cardone', 'instance of', 'human']
Note: Subject 'Giuseppe Cardone' is not used in other triples.

Triple: ['Christian Maggio', 'instance of', 'human']
Note: Subject 'Christian Maggio' is not used in other triples.

Please provide a corrected set of triples for this subject, addressing the errors and unused declarations mentioned above."
Q108510,"The following triples for the subject need attention:

Unused Declarations:
Triple: ['Sally Field', 'instance of', 'human']
Note: Subject 'Sally Field' is not used in other triples.

Please provide a corrected set of triples for this subject, addressing the errors and unused declarations mentioned above."
Q1085156,"The following triples for the subject need attention:

Errors:
Triple: ['Pescara', 'sport', 'football']
Error: Object 'football' not defined as an instance.

Triple: ['Rimini', 'sport', 'football']
Error: Object 'football' not defined as an instance.

Please provide a corrected set of triples for this subject, addressing the errors and unused declarations mentioned above."
Q108560,"The following triples for the subject need attention:

Errors:
Triple: ['Padma Bhushan', 'country of citizenship', 'India']
Error: Subject 'Padma Bhushan' type 'award' does not satisfy the property 'country of citizenship' subject constraints: ['group of humans', 'character that may or may not be fictional', 'fictional human', 'group of fictional characters', 'person', 'fictional character', 'human']

Unused Declarations:
Triple: ['2010', 'instance of', 'year']
Note: Subject '2010' is not used in other triples.

Please provide a corrected set of triples for this subject, addressing the errors and unused declarations mentioned above."
Q108634,"The following triples for the subject need attention:

Errors:
Triple: ['Ulrich Wickert', 'instance of', 'human']
Error: Instance type 'human' not associated with any property for subject 'Ulrich Wickert'

Triple: ['North Rhine-Westphalia', 'instance of', 'administrative territorial entity']
Error: Instance type 'administrative territorial entity' not valid for object 'North Rhine-Westphalia' with property 'location'

Triple: ['Tom Buhrow', 'occupation', 'host']
Error: Object 'host' not defined as an instance.

Triple: ['Tom Buhrow', 'replaced', 'Ulrich Wickert']
Error: Error: Property 'replaced' not found in properties.

Triple: ['WDR', 'location', 'North Rhine-Westphalia']
Error: Relation 'location' not present in subject properties for 'WDR'

Please provide a corrected set of triples for this subject, addressing the errors and unused declarations mentioned above."
Q108638,"The following triples for the subject need attention:

Unused Declarations:
Triple: ['2007', 'instance of', 'year']
Note: Subject '2007' is not used in other triples.

Please provide a corrected set of triples for this subject, addressing the errors and unused declarations mentioned above."
Q1086856,"The following triples for the subject need attention:

Errors:
Triple: ['Chris Montgomery', 'occupation', 'unspecified job']
Error: Object 'unspecified job' not defined as an instance.

Triple: ['Chris Montgomery', 'employer', 'Mozilla']
Error: Subject 'Chris Montgomery' type 'person' does not satisfy the property 'employer' subject constraints: ['group of humans', 'fictional human', 'fictional location', 'fictional character', 'human']

Please provide a corrected set of triples for this subject, addressing the errors and unused declarations mentioned above."
Q1087016,"The following triples for the subject need attention:

Errors:
Triple: ['Christopher Tin', 'educated at', 'Stanford']
Error: Object 'Stanford' not defined as an instance.

Triple: ['MA in Interdisciplinary Studies in Humanities', 'instance of', 'degree']
Error: Instance type 'degree' not valid for subject 'MA in Interdisciplinary Studies in Humanities' with property 'field of work'

Triple: ['Christopher Tin', 'occupation', 'student']
Error: Object 'student' not defined as an instance.

Triple: ['MA in Interdisciplinary Studies in Humanities', 'field of work', 'Film Studies']
Error: Subject 'MA in Interdisciplinary Studies in Humanities' type 'degree' does not satisfy the property 'field of work' subject constraints: ['person or organization', 'center', 'human activity', 'scholarly work', 'academic chapter', 'human whose existence is disputed', 'academic journal article', 'facility', 'work of science', 'service', 'creative work', 'fictional organization', 'collective', 'group of humans', 'recurring event', 'group action', 'memory institution', 'test', 'scholarly article', 'mythical character', 'position', 'exhibition', 'periodical', 'academic journal', 'professional', 'convention', 'fair', 'award', 'public policy', 'industry', 'project', 'festival', 'person', 'fictional character', 'research', 'theatre building', 'museum', 'database', 'art', 'industrial sector', 'animal', 'book', 'human']

Triple: ['Christopher Tin', 'date of birth', '1998']
Error: Object '1998' not defined as an instance.

Triple: ['Christopher Tin', 'date of birth', '1999']
Error: Object '1999' not defined as an instance.

Unused Declarations:
Triple: ['BA with Honors', 'instance of', 'degree']
Note: Subject 'BA with Honors' is not used in other triples.

Please provide a corrected set of triples for this subject, addressing the errors and unused declarations mentioned above."
Q1087530,"The following triples for the subject need attention:

Errors:
Triple: ['2001 season', 'instance of', 'sports season']
Error: Instance type 'sports season' not valid for object '2001 season' with property 'participant in'

Triple: ['Fabio Pecchia', 'participant in', '2001 season']
Error: Object '2001 season' type 'sports season' does not satisfy the property 'participant in' value constraints: ['fictional occurrence', 'activity', 'event', 'work', 'occurrence', 'experiment', 'organization']

Triple: ['Fabio Pecchia', 'occupation', 'manage club debts']
Error: Object 'manage club debts' not defined as an instance.

Please provide a corrected set of triples for this subject, addressing the errors and unused declarations mentioned above."
Q10885,"The following triples for the subject need attention:

Errors:
Triple: ['Fara Williams', 'occupation', 'footballer']
Error: Object 'footballer' not defined as an instance.

Triple: ['Fara Williams', 'award received', 'Premier League Cup in 2008']
Error: Object 'Premier League Cup in 2008' not defined as an instance.

Triple: ['Fara Williams', 'award received', ""FA Women's Cup in 2010""]
Error: Object 'FA Women's Cup in 2010' not defined as an instance.

Please provide a corrected set of triples for this subject, addressing the errors and unused declarations mentioned above."
Q1088596,"The following triples for the subject need attention:

Errors:
Triple: ['Juan Jos√© Arreola', 'occupation', 'writer']
Error: Object 'writer' not defined as an instance.

Please provide a corrected set of triples for this subject, addressing the errors and unused declarations mentioned above."
Q1088920,"The following triples for the subject need attention:

Errors:
Triple: ['Andrea Parola', 'occupation', 'footballer']
Error: Object 'footballer' not defined as an instance.

Unused Declarations:
Triple: ['24 August 2005', 'instance of', 'date']
Note: Subject '24 August 2005' is not used in other triples.

Triple: ['Serie A', 'instance of', 'sports league']
Note: Subject 'Serie A' is not used in other triples.

Triple: ['1 July 2010', 'instance of', 'date']
Note: Subject '1 July 2010' is not used in other triples.

Triple: ['6 months contract', 'instance of', 'contract']
Note: Subject '6 months contract' is not used in other triples.

Triple: ['Serie B', 'instance of', 'sports league']
Note: Subject 'Serie B' is not used in other triples.

Triple: ['3 January 2011', 'instance of', 'date']
Note: Subject '3 January 2011' is not used in other triples.

Triple: ['Lega Serie B', 'instance of', 'sports league']
Note: Subject 'Lega Serie B' is not used in other triples.

Please provide a corrected set of triples for this subject, addressing the errors and unused declarations mentioned above."
Q1088942,"The following triples for the subject need attention:

Errors:
Triple: ['2006', 'instance of', 'year']
Error: Instance type 'year' not associated with any property for subject '2006'

Triple: ['Simone Pesce', 'date', '2006']
Error: Error: Property 'date' not found in properties.

Unused Declarations:
Triple: ['Serie A', 'instance of', 'sports league']
Note: Subject 'Serie A' is not used in other triples.

Please provide a corrected set of triples for this subject, addressing the errors and unused declarations mentioned above."
Q1089088,"The following triples for the subject need attention:

Errors:
Triple: ['Geeta Phogat', 'occupation', 'wrestler']
Error: Object 'wrestler' not defined as an instance.

Triple: ['Pawan Kumar', 'occupation', 'wrestler']
Error: Object 'wrestler' not defined as an instance.

Triple: ['Geeta Phogat', 'married to', 'Pawan Kumar on 20 November 2016']
Error: Error: Property 'married to' not found in properties.

Unused Declarations:
Triple: ['20 November 2016', 'instance of', 'date']
Note: Subject '20 November 2016' is not used in other triples.

Please provide a corrected set of triples for this subject, addressing the errors and unused declarations mentioned above."
Q1089106,"The following triples for the subject need attention:

Unused Declarations:
Triple: ['Salvatore Foti', 'instance of', 'human']
Note: Subject 'Salvatore Foti' is not used in other triples.

Please provide a corrected set of triples for this subject, addressing the errors and unused declarations mentioned above."
Q108935,"The following triples for the subject need attention:

Errors:
Triple: ['Mary Steenburgen', 'occupation', 'study drama']
Error: Object 'study drama' not defined as an instance.

Unused Declarations:
Triple: ['1971', 'instance of', 'year']
Note: Subject '1971' is not used in other triples.

Please provide a corrected set of triples for this subject, addressing the errors and unused declarations mentioned above."
Q108941,"The following triples for the subject need attention:

Errors:
Triple: ['Star Wars', 'instance of', 'film series']
Error: Instance type 'film series' not valid for object 'Star Wars' with property 'filmography'

Triple: ['Carrie Fisher', 'occupation', 'actor']
Error: Object 'actor' not defined as an instance.

Triple: ['Paul Simon', 'occupation', 'musician']
Error: Object 'musician' not defined as an instance.

Triple: ['Carrie Fisher', 'country of citizenship', 'United States']
Error: Object 'United States' not defined as an instance.

Triple: ['Paul Simon', 'country of citizenship', 'United States']
Error: Object 'United States' not defined as an instance.

Triple: ['Carrie Fisher', 'sex or gender', 'female']
Error: Object 'female' not defined as an instance.

Triple: ['Paul Simon', 'sex or gender', 'male']
Error: Object 'male' not defined as an instance.

Triple: ['Carrie Fisher', 'filmography', 'Star Wars']
Error: Object 'Star Wars' type 'film series' does not satisfy the property 'filmography' value constraints: ['filmography']

Please provide a corrected set of triples for this subject, addressing the errors and unused declarations mentioned above."
Q1089513,"The following triples for the subject need attention:

Errors:
Triple: ['Richard Brooks', 'occupation', 'writer']
Error: Object 'writer' not defined as an instance.

Triple: ['Richard Brooks', 'occupation', 'future film director']
Error: Object 'future film director' not defined as an instance.

Triple: ['Jean Brooks', 'place of residence', 'Los Angeles']
Error: Error: Property 'place of residence' not found in properties.

Please provide a corrected set of triples for this subject, addressing the errors and unused declarations mentioned above."
Q10895264,"The following triples for the subject need attention:

Errors:
Triple: ['Huang Zongying', 'occupation', 'actress']
Error: Object 'actress' not defined as an instance.

Triple: ['Huang Zongying', 'occupation', 'writer']
Error: Object 'writer' not defined as an instance.

Please provide a corrected set of triples for this subject, addressing the errors and unused declarations mentioned above."
Q10896,"The following triples for the subject need attention:

Errors:
Triple: ['Jill Scott', 'participant in', ""FA Women's Premier League Cup""]
Error: Object 'FA Women's Premier League Cup' type 'award' does not satisfy the property 'participant in' value constraints: ['fictional occurrence', 'activity', 'event', 'work', 'occurrence', 'experiment', 'organization']

Triple: ['Jill Scott', 'participant in', ""FA Women's Cup""]
Error: Object 'FA Women's Cup' type 'award' does not satisfy the property 'participant in' value constraints: ['fictional occurrence', 'activity', 'event', 'work', 'occurrence', 'experiment', 'organization']

Unused Declarations:
Triple: ['Doncaster Rovers Belles', 'instance of', 'sports team']
Note: Subject 'Doncaster Rovers Belles' is not used in other triples.

Triple: ['2008', 'instance of', 'year']
Note: Subject '2008' is not used in other triples.

Triple: ['2010', 'instance of', 'year']
Note: Subject '2010' is not used in other triples.

Please provide a corrected set of triples for this subject, addressing the errors and unused declarations mentioned above."
Q108986,"The following triples for the subject need attention:

Errors:
Triple: ['Soufian Benyamina', 'work period (start)', '1 July 2013']
Error: Object '1 July 2013' not defined as an instance.

Triple: ['Soufian Benyamina', 'work period (start)', '14 June 2010']
Error: Object '14 June 2010' not defined as an instance.

Triple: ['Soufian Benyamina', 'work period (start)', 'July 2009']
Error: Object 'July 2009' not defined as an instance.

Please provide a corrected set of triples for this subject, addressing the errors and unused declarations mentioned above."
Q1090835,"The following triples for the subject need attention:

Errors:
Triple: ['Jarl Kulle', 'occupation', 'actor']
Error: Object 'actor' not defined as an instance.

Triple: ['Anne Nord', 'occupation', 'actress']
Error: Object 'actress' not defined as an instance.

Please provide a corrected set of triples for this subject, addressing the errors and unused declarations mentioned above."
Q1091432,"The following triples for the subject need attention:

Errors:
Triple: ['Jeff Bagwell', 'award received', '1991 National League (NL) Rookie of the Year']
Error: Object '1991 National League (NL) Rookie of the Year' not defined as an instance.

Triple: ['Jeff Bagwell', 'award received', ""Baseball America's Rookie of the Year""]
Error: Object 'Baseball America's Rookie of the Year' not defined as an instance.

Triple: ['Jeff Bagwell', 'award received', 'The Sporting News Rookie of the Year']
Error: Object 'The Sporting News Rookie of the Year' not defined as an instance.

Triple: ['Jeff Bagwell', 'award received', 'post-season All-Star']
Error: Object 'post-season All-Star' not defined as an instance.

Triple: ['Jeff Bagwell', 'award received', ""Topps' Rookie All-Star Team""]
Error: Object 'Topps' Rookie All-Star Team' not defined as an instance.

Triple: ['Jeff Bagwell', 'member of sports team', 'Astros']
Error: Object 'Astros' not defined as an instance.

Triple: ['Jeff Bagwell', 'occupation', 'first baseman']
Error: Object 'first baseman' not defined as an instance.

Triple: ['Jeff Bagwell', 'league', 'National League']
Error: Object 'National League' not defined as an instance.

Please provide a corrected set of triples for this subject, addressing the errors and unused declarations mentioned above."
Q10916403,"The following triples for the subject need attention:

Errors:
Triple: ['Ye Qianyu', 'instance of', 'person']
Error: Instance type 'person' not valid for subject 'Ye Qianyu' with property 'place of birth'

Triple: ['Ye Qianyu', 'place of birth', 'Hong Kong']
Error: Subject 'Ye Qianyu' type 'person' does not satisfy the property 'place of birth' subject constraints: ['human whose existence is disputed', 'abstract being', 'group of fictional characters', 'fictional character', 'animal', 'human']

Triple: ['Dai Ailian', 'occupation', 'dancer']
Error: Object 'dancer' not defined as an instance.

Triple: ['Ye Qianyu', 'occupation', 'person']
Error: Object 'person' not defined as an instance.

Please provide a corrected set of triples for this subject, addressing the errors and unused declarations mentioned above."
Q10919282,"The following triples for the subject need attention:

Errors:
Triple: ['Wu Zhonghua', 'occupation', 'physicist']
Error: Object 'physicist' not defined as an instance.

Triple: ['Li Minhua', 'occupation', 'physicist']
Error: Object 'physicist' not defined as an instance.

Triple: ['Wu Zhonghua', 'educated at', 'Lianda']
Error: Object 'Lianda' not defined as an instance.

Triple: ['Li Minhua', 'educated at', 'Lianda']
Error: Object 'Lianda' not defined as an instance.

Please provide a corrected set of triples for this subject, addressing the errors and unused declarations mentioned above."
Q1091934,"The following triples for the subject need attention:

Errors:
Triple: ['Gerrit van Dijk', 'occupation', 'animator']
Error: Object 'animator' not defined as an instance.

Unused Declarations:
Triple: ['1963', 'instance of', 'year']
Note: Subject '1963' is not used in other triples.

Please provide a corrected set of triples for this subject, addressing the errors and unused declarations mentioned above."
Q109255,"The following triples for the subject need attention:

Errors:
Triple: ['Bernard Hinault', 'occupation', 'professional cyclist']
Error: Object 'professional cyclist' not defined as an instance.

Triple: ['Bernard Hinault', 'country of citizenship', 'France']
Error: Object 'France' not defined as an instance.

Triple: ['Jean Stablinski', 'occupation', 'team manager']
Error: Object 'team manager' not defined as an instance.

Triple: ['Gitane‚ÄìCampagnolo team', 'participant in', 'professional cycling']
Error: Object 'professional cycling' not defined as an instance.

Triple: ['Gitane‚ÄìCampagnolo team', 'managed by', 'Jean Stablinski']
Error: Error: Property 'managed by' not found in properties.

Triple: ['Bernard Hinault', 'award received', 'World Champion']
Error: Object 'World Champion' not defined as an instance.

Please provide a corrected set of triples for this subject, addressing the errors and unused declarations mentioned above."
Q109269,"The following triples for the subject need attention:

Errors:
Triple: ['Hanns Maa√üen', 'occupation', 'author']
Error: Object 'author' not defined as an instance.

Unused Declarations:
Triple: ['Heinrich Mann Prize', 'instance of', 'award']
Note: Subject 'Heinrich Mann Prize' is not used in other triples.

Triple: ['bronze Patriotic Order of Merit', 'instance of', 'award']
Note: Subject 'bronze Patriotic Order of Merit' is not used in other triples.

Triple: ['Kunstpreis der Stadt Leipzig (Art Prize of the City of Leipzig)', 'instance of', 'award']
Note: Subject 'Kunstpreis der Stadt Leipzig (Art Prize of the City of Leipzig)' is not used in other triples.

Triple: ['silver Vaterl√§ndischer Verdienstorden', 'instance of', 'award']
Note: Subject 'silver Vaterl√§ndischer Verdienstorden' is not used in other triples.

Triple: ['Art Prize of the Free German Trade Union Federation', 'instance of', 'award']
Note: Subject 'Art Prize of the Free German Trade Union Federation' is not used in other triples.

Triple: ['gold Patriotic Order of Merit', 'instance of', 'award']
Note: Subject 'gold Patriotic Order of Merit' is not used in other triples.

Please provide a corrected set of triples for this subject, addressing the errors and unused declarations mentioned above."
Q1093570,"The following triples for the subject need attention:

Errors:
Triple: ['Gianluca Freddi', 'occupation', 'footballer']
Error: Object 'footballer' not defined as an instance.

Triple: ['Gianluca Freddi', 'given name', 'Gianluca']
Error: Object 'Gianluca' not defined as an instance.

Triple: ['Gianluca Freddi', 'family name', 'Freddi']
Error: Object 'Freddi' not defined as an instance.

Unused Declarations:
Triple: ['23 July 2013', 'instance of', 'date']
Note: Subject '23 July 2013' is not used in other triples.

Triple: ['one-year deal', 'instance of', 'contract']
Note: Subject 'one-year deal' is not used in other triples.

Triple: ['second year', 'instance of', 'time period']
Note: Subject 'second year' is not used in other triples.

Please provide a corrected set of triples for this subject, addressing the errors and unused declarations mentioned above."
Q109366,"The following triples for the subject need attention:

Errors:
Triple: ['Rudolf Platte', 'occupation', 'actor']
Error: Object 'actor' not defined as an instance.

Triple: ['Georgia Lind', 'occupation', 'actress']
Error: Object 'actress' not defined as an instance.

Please provide a corrected set of triples for this subject, addressing the errors and unused declarations mentioned above."
Q109428,"The following triples for the subject need attention:

Errors:
Triple: ['Diego Ribas da Cunha', 'occupation', 'footballer']
Error: Object 'footballer' not defined as an instance.

Triple: ['Werder Bremen', 'instance of', 'sports team']
Error: Instance type 'sports team' not valid for subject 'Werder Bremen' with property 'league'

Triple: ['Werder Bremen', 'league', 'German Bundesliga']
Error: Subject 'Werder Bremen' type 'sports team' does not satisfy the property 'league' subject constraints: ['sports award', 'sports transaction', 'sporting event', 'sports organization', 'competition', 'human']

Triple: ['Diego Ribas da Cunha', 'participant in', '2006 contract signing']
Error: Object '2006 contract signing' not defined as an instance.

Triple: ['Diego Ribas da Cunha', 'participant in', '2009 Serie A fixture']
Error: Object '2009 Serie A fixture' not defined as an instance.

Triple: ['Juventus', 'instance of', 'sports team']
Error: Instance type 'sports team' not valid for subject 'Juventus' with property 'league'

Triple: ['Juventus', 'league', 'Serie A']
Error: Subject 'Juventus' type 'sports team' does not satisfy the property 'league' subject constraints: ['sports award', 'sports transaction', 'sporting event', 'sports organization', 'competition', 'human']

Triple: ['Diego Ribas da Cunha', 'participant in', '2009 contract signing']
Error: Object '2009 contract signing' not defined as an instance.

Triple: ['Diego Ribas da Cunha', 'participant in', 'match against Roma']
Error: Object 'match against Roma' not defined as an instance.

Triple: ['Diego Ribas da Cunha', 'participant in', 'transfer to Atlético Madrid']
Error: Object 'transfer to Atlético Madrid' not defined as an instance.

Triple: ['Diego Ribas da Cunha', 'participant in', '2012 UEFA Europa League']
Error: Object '2012 UEFA Europa League' not defined as an instance.

Triple: ['UEFA Europa League', 'instance of', 'sports organization']
Error: Instance type 'sports organization' not valid for object 'UEFA Europa League' with property 'participant in'

Triple: ['Diego Ribas da Cunha', 'participant in', 'UEFA Europa League']
Error: Object 'UEFA Europa League' type 'sports organization' does not satisfy the property 'participant in' value constraints: ['fictional occurrence', 'activity', 'event', 'work', 'occurrence', 'experiment', 'organization']

Triple: ['Diego Ribas da Cunha', 'participant in', '2009 UEFA Cup Final']
Error: Object '2009 UEFA Cup Final' not defined as an instance.

Unused Declarations:
Triple: ['UEFA Cup Final', 'instance of', 'sporting event']
Note: Subject 'UEFA Cup Final' is not used in other triples.

Please provide a corrected set of triples for this subject, addressing the errors and unused declarations mentioned above."
Q1094716,"The following triples for the subject need attention:

Errors:
Triple: ['Claiborne Pell', 'received a degree', 'Master of Arts']
Error: Error: Property 'received a degree' not found in properties.

Triple: ['Claiborne Pell', 'studied', 'International Relations']
Error: Error: Property 'studied' not found in properties.

Triple: ['International Relations', 'instance of', 'academic discipline']
Error: Instance type 'academic discipline' not associated with any property for subject 'International Relations'

Triple: ['Master of Arts', 'instance of', 'academic degree']
Error: Instance type 'academic degree' not associated with any property for subject 'Master of Arts'

Please provide a corrected set of triples for this subject, addressing the errors and unused declarations mentioned above."
Q1094812,"The following triples for the subject need attention:

Errors:
Triple: ['Canadian Olympic Hall of Fame', 'instance of', 'Hall of Fame']
Error: Instance type 'Hall of Fame' not valid for object 'Canadian Olympic Hall of Fame' with property 'award received'

Triple: ['BC Sports Hall of Fame', 'instance of', 'Hall of Fame']
Error: Instance type 'Hall of Fame' not valid for object 'BC Sports Hall of Fame' with property 'award received'

Triple: ['Claire Lovett', 'award received', 'Canadian Olympic Hall of Fame']
Error: Object 'Canadian Olympic Hall of Fame' type 'Hall of Fame' does not satisfy the property 'award received' value constraints: ['position', 'title of honor', 'horse race', 'beauty contest', 'class of award', 'homage', 'order of chivalry', 'military decoration', 'science award', 'recognition', 'award ceremony', 'grade of an order', 'fictional award', 'competition', 'Roman triumph', 'hall of fame', 'award', 'title of authority', 'competition', 'literary award', 'order', 'coat of arms', 'medallion']

Triple: ['Claire Lovett', 'award received', 'BC Sports Hall of Fame']
Error: Object 'BC Sports Hall of Fame' type 'Hall of Fame' does not satisfy the property 'award received' value constraints: ['position', 'title of honor', 'horse race', 'beauty contest', 'class of award', 'homage', 'order of chivalry', 'military decoration', 'science award', 'recognition', 'award ceremony', 'grade of an order', 'fictional award', 'competition', 'Roman triumph', 'hall of fame', 'award', 'title of authority', 'competition', 'literary award', 'order', 'coat of arms', 'medallion']

Please provide a corrected set of triples for this subject, addressing the errors and unused declarations mentioned above."
Q10951943,"The following triples for the subject need attention:

Errors:
Triple: ['The 1992 general election', 'instance of', 'general election']
Error: Instance type 'general election' not valid for subject 'The 1992 general election' with property 'member of political party'

Triple: ['The 27th Dáil', 'instance of', 'political organization']
Error: Instance type 'political organization' not valid for subject 'The 27th Dáil' with property 'member of political party'

Triple: ['Seymour Crawford', 'position held', 'TD']
Error: Object 'TD' not defined as an instance.

Triple: ['Seymour Crawford', 'instance of', 'TD']
Error: Instance type 'TD' not valid for subject 'Seymour Crawford' with property 'position held'

Triple: ['Seymour Crawford', 'occupation', 'TD']
Error: Object 'TD' not defined as an instance.

Triple: ['The 1992 general election', 'member of political party', 'Seymour Crawford']
Error: Subject 'The 1992 general election' type 'general election' does not satisfy the property 'member of political party' subject constraints: ['fictional character', 'human']

Triple: ['The 27th Dáil', 'member of political party', 'Seymour Crawford']
Error: Subject 'The 27th Dáil' type 'political organization' does not satisfy the property 'member of political party' subject constraints: ['fictional character', 'human']

Please provide a corrected set of triples for this subject, addressing the errors and unused declarations mentioned above."
Q1095307,"The following triples for the subject need attention:

Unused Declarations:
Triple: ['Northwestern University', 'instance of', 'educational institution']
Note: Subject 'Northwestern University' is not used in other triples.

Triple: ['Evanston, Illinois', 'instance of', 'geographic location']
Note: Subject 'Evanston, Illinois' is not used in other triples.

Please provide a corrected set of triples for this subject, addressing the errors and unused declarations mentioned above."
Q109553,"The following triples for the subject need attention:

Errors:
Triple: ['Louisa Gross Horwitz Prize', 'award received from', 'Columbia University']
Error: Error: Property 'award received from' not found in properties.

Unused Declarations:
Triple: ['1973', 'instance of', 'year']
Note: Subject '1973' is not used in other triples.

Please provide a corrected set of triples for this subject, addressing the errors and unused declarations mentioned above."
Q109559,"The following triples for the subject need attention:

Errors:
Triple: ['2009 Nobel Prize in Chemistry', 'instance of', 'event']
Error: Instance type 'event' not valid for object '2009 Nobel Prize in Chemistry' with property 'award received'

Triple: ['Thomas A. Steitz', 'award received', '2009 Nobel Prize in Chemistry']
Error: Object '2009 Nobel Prize in Chemistry' type 'event' does not satisfy the property 'award received' value constraints: ['position', 'title of honor', 'horse race', 'beauty contest', 'class of award', 'homage', 'order of chivalry', 'military decoration', 'science award', 'recognition', 'award ceremony', 'grade of an order', 'fictional award', 'competition', 'Roman triumph', 'hall of fame', 'award', 'title of authority', 'competition', 'literary award', 'order', 'coat of arms', 'medallion']

Triple: ['Venkatraman Ramakrishnan', 'award received', '2009 Nobel Prize in Chemistry']
Error: Object '2009 Nobel Prize in Chemistry' type 'event' does not satisfy the property 'award received' value constraints: ['position', 'title of honor', 'horse race', 'beauty contest', 'class of award', 'homage', 'order of chivalry', 'military decoration', 'science award', 'recognition', 'award ceremony', 'grade of an order', 'fictional award', 'competition', 'Roman triumph', 'hall of fame', 'award', 'title of authority', 'competition', 'literary award', 'order', 'coat of arms', 'medallion']

Triple: ['Ada Yonath', 'award received', '2009 Nobel Prize in Chemistry']
Error: Object '2009 Nobel Prize in Chemistry' type 'event' does not satisfy the property 'award received' value constraints: ['position', 'title of honor', 'horse race', 'beauty contest', 'class of award', 'homage', 'order of chivalry', 'military decoration', 'science award', 'recognition', 'award ceremony', 'grade of an order', 'fictional award', 'competition', 'Roman triumph', 'hall of fame', 'award', 'title of authority', 'competition', 'literary award', 'order', 'coat of arms', 'medallion']

Triple: ['Thomas A. Steitz', 'field of work', 'Chemistry']
Error: Object 'Chemistry' not defined as an instance.

Triple: ['Venkatraman Ramakrishnan', 'field of work', 'Chemistry']
Error: Object 'Chemistry' not defined as an instance.

Triple: ['Ada Yonath', 'field of work', 'Chemistry']
Error: Object 'Chemistry' not defined as an instance.

Triple: ['Thomas A. Steitz', 'occupation', 'scientist']
Error: Object 'scientist' not defined as an instance.

Triple: ['Venkatraman Ramakrishnan', 'occupation', 'scientist']
Error: Object 'scientist' not defined as an instance.

Triple: ['Ada Yonath', 'occupation', 'scientist']
Error: Object 'scientist' not defined as an instance.

Triple: ['Thomas A. Steitz', 'research', 'structure and function of the ribosome']
Error: Error: Property 'research' not found in properties.

Triple: ['Venkatraman Ramakrishnan', 'research', 'structure and function of the ribosome']
Error: Error: Property 'research' not found in properties.

Triple: ['Ada Yonath', 'research', 'structure and function of the ribosome']
Error: Error: Property 'research' not found in properties.

Unused Declarations:
Triple: ['Nobel Prize in Chemistry', 'instance of', 'award']
Note: Subject 'Nobel Prize in Chemistry' is not used in other triples.

Triple: ['ribosome', 'instance of', 'biological structure']
Note: Subject 'ribosome' is not used in other triples.

Please provide a corrected set of triples for this subject, addressing the errors and unused declarations mentioned above."
Q1095677,"The following triples for the subject need attention:

Errors:
Triple: ['Ivan Fomich Pavlov', 'country of citizenship', 'Soviet Union']
Error: Object 'Soviet Union' not defined as an instance.

Triple: ['Ivan Fomich Pavlov', 'military branch', 'air force']
Error: Object 'air force' not defined as an instance.

Triple: ['Ivan Fomich Pavlov', 'occupation', 'pilot']
Error: Object 'pilot' not defined as an instance.

Unused Declarations:
Triple: ['Kostanay', 'instance of', 'geographic location']
Note: Subject 'Kostanay' is not used in other triples.

Triple: ['October 1944', 'instance of', 'time period']
Note: Subject 'October 1944' is not used in other triples.

Please provide a corrected set of triples for this subject, addressing the errors and unused declarations mentioned above."
Q109588,"The following triples for the subject need attention:

Unused Declarations:
Triple: ['September 2012', 'instance of', 'time period']
Note: Subject 'September 2012' is not used in other triples.

Please provide a corrected set of triples for this subject, addressing the errors and unused declarations mentioned above."
Q10959,"The following triples for the subject need attention:

Errors:
Triple: ['Ruzena Bajcsy', 'field of work', 'robotics']
Error: Object 'robotics' not defined as an instance.

Triple: ['Ruzena Bajcsy', 'field of work', 'computer vision']
Error: Object 'computer vision' not defined as an instance.

Triple: ['Ruzena Bajcsy', 'occupation', 'innovator']
Error: Object 'innovator' not defined as an instance.

Unused Declarations:
Triple: ['improved robotic perception', 'instance of', 'innovation']
Note: Subject 'improved robotic perception' is not used in other triples.

Triple: ['better methods to analyze medical images', 'instance of', 'method']
Note: Subject 'better methods to analyze medical images' is not used in other triples.

Please provide a corrected set of triples for this subject, addressing the errors and unused declarations mentioned above."
Q109608,"The following triples for the subject need attention:

Errors:
Triple: ['Sophia Thomalla', 'country of citizenship', 'Germany']
Error: Object 'Germany' not defined as an instance.

Triple: ['Andy LaPlegua', 'country of citizenship', 'Norway']
Error: Object 'Norway' not defined as an instance.

Unused Declarations:
Triple: ['Marietta, Georgia', 'instance of', 'geographic location']
Note: Subject 'Marietta, Georgia' is not used in other triples.

Please provide a corrected set of triples for this subject, addressing the errors and unused declarations mentioned above."
Q10961701,"The following triples for the subject need attention:

Errors:
Triple: ['George Tuttle Brokaw', 'occupation', 'lawyer']
Error: Object 'lawyer' not defined as an instance.

Triple: ['George Tuttle Brokaw', 'occupation', 'sportsman']
Error: Object 'sportsman' not defined as an instance.

Triple: ['George Tuttle Brokaw', 'date of divorce', 'Clare Boothe Luce']
Error: Error: Property 'date of divorce' not found in properties.

Please provide a corrected set of triples for this subject, addressing the errors and unused declarations mentioned above."
Q10964400,"The following triples for the subject need attention:

Errors:
Triple: ['Uriya Nalage', 'instance of', 'book']
Error: Instance type 'book' not valid for object 'Uriya Nalage' with property 'notable work'

Triple: ['Kirtinath Kurtakoti', 'notable work', 'Uriya Nalage']
Error: Object 'Uriya Nalage' type 'book' does not satisfy the property 'notable work' value constraints: ['fictional work', 'statute', 'written work', 'design', 'type of manufactured good', 'sporting event', 'architectural structure', 'award', 'mathematical model', 'invention', 'discovery', 'service', 'literary character', 'collection', 'method', 'edited volume', 'event', 'research project', 'academic discipline', 'legal form', 'work', 'theorem', 'product', 'physical phenomenon', 'activity', 'principle', 'rule', 'scientific model', 'graphic design', 'identifier', 'project', 'idea', 'concept', 'organization', 'building', 'chemical reaction', 'approximation', 'theory', 'bridge', 'knowledge', 'novel', 'food']

Unused Declarations:
Triple: ['1995', 'instance of', 'year']
Note: Subject '1995' is not used in other triples.

Please provide a corrected set of triples for this subject, addressing the errors and unused declarations mentioned above."
Q1097007,"The following triples for the subject need attention:

Errors:
Triple: ['Claude Moraes', 'position held', 'MEP']
Error: Object 'MEP' not defined as an instance.

Triple: ['Claude Moraes', 'country of citizenship', 'United Kingdom']
Error: Object 'United Kingdom' not defined as an instance.

Triple: ['Claude Moraes', 'place of birth', 'India']
Error: Object 'India' not defined as an instance.

Triple: ['Claude Moraes', 'languages spoken, written or signed', 'English']
Error: Object 'English' not defined as an instance.

Unused Declarations:
Triple: ['South Asian (Indian) origin MEPs', 'instance of', 'group of humans']
Note: Subject 'South Asian (Indian) origin MEPs' is not used in other triples.

Triple: ['ethnic minority MEP', 'instance of', 'position']
Note: Subject 'ethnic minority MEP' is not used in other triples.

Please provide a corrected set of triples for this subject, addressing the errors and unused declarations mentioned above."
Q109731,"The following triples for the subject need attention:

Errors:
Triple: ['Edwin G. Krebs', 'occupation', 'assistant professor of biochemistry']
Error: Object 'assistant professor of biochemistry' not defined as an instance.

Triple: ['Edwin G. Krebs', 'field of work', 'biochemistry']
Error: Object 'biochemistry' not defined as an instance.

Unused Declarations:
Triple: ['1948', 'instance of', 'year']
Note: Subject '1948' is not used in other triples.

Please provide a corrected set of triples for this subject, addressing the errors and unused declarations mentioned above."
Q1097511,"The following triples for the subject need attention:

Errors:
Triple: ['J. J. Watt', 'educated at', 'Wisconsin']
Error: Object 'Wisconsin' not defined as an instance.

Triple: ['J. J. Watt', 'occupation', 'football player']
Error: Object 'football player' not defined as an instance.

Triple: ['J. J. Watt', 'member of sports team', 'Texans']
Error: Object 'Texans' not defined as an instance.

Triple: ['2011 NFL Draft', 'instance of', 'sports event']
Error: Instance type 'sports event' not associated with any property for subject '2011 NFL Draft'

Triple: ['J. J. Watt', 'occurrence', '2011 NFL Draft']
Error: Error: Property 'occurrence' not found in properties.

Please provide a corrected set of triples for this subject, addressing the errors and unused declarations mentioned above."
Q1097566,"The following triples for the subject need attention:

Unused Declarations:
Triple: ['1994 summer', 'instance of', 'time period']
Note: Subject '1994 summer' is not used in other triples.

Triple: ['June', 'instance of', 'time period']
Note: Subject 'June' is not used in other triples.

Triple: ['friendly matches', 'instance of', 'sports event']
Note: Subject 'friendly matches' is not used in other triples.

Please provide a corrected set of triples for this subject, addressing the errors and unused declarations mentioned above."
Q1098155,"The following triples for the subject need attention:

Errors:
Triple: ['Three-year contract', 'instance of', 'contract']
Error: Instance type 'contract' not valid for object 'Three-year contract' with property 'participant in'

Triple: ['‚Ç¨800,000', 'instance of', 'amount of money']
Error: Instance type 'amount of money' not associated with any property for subject '‚Ç¨800,000'

Triple: ['Claudio Rivalta', 'participant in', 'Three-year contract']
Error: Object 'Three-year contract' type 'contract' does not satisfy the property 'participant in' value constraints: ['fictional occurrence', 'activity', 'event', 'work', 'occurrence', 'experiment', 'organization']

Triple: ['Three-year contract', 'worth', '‚Ç¨800,000']
Error: Error: Property 'worth' not found in properties.

Unused Declarations:
Triple: ['January 2009', 'instance of', 'date']
Note: Subject 'January 2009' is not used in other triples.

Please provide a corrected set of triples for this subject, addressing the errors and unused declarations mentioned above."
Q1098196,"The following triples for the subject need attention:

Errors:
Triple: ['Coppa Italia', 'instance of', 'sports event']
Error: Instance type 'sports event' not associated with any property for subject 'Coppa Italia'

Triple: ['Serie A', 'instance of', 'sports league']
Error: Instance type 'sports league' not associated with any property for subject 'Serie A'

Triple: ['Claudio Terzi', 'date of transfer', '19 August 2009']
Error: Error: Property 'date of transfer' not found in properties.

Triple: ['Daniele Portanova', 'date of transfer', '19 August 2009']
Error: Error: Property 'date of transfer' not found in properties.

Triple: ['Bologna', 'participates in', 'Coppa Italia']
Error: Error: Property 'participates in' not found in properties.

Triple: ['Bologna', 'participates in', 'Serie A']
Error: Error: Property 'participates in' not found in properties.

Please provide a corrected set of triples for this subject, addressing the errors and unused declarations mentioned above."
Q1098369,"The following triples for the subject need attention:

Errors:
Triple: ['Alberto Di Chiara', 'occupation', 'soccer player']
Error: Object 'soccer player' not defined as an instance.

Triple: ['Alberto Di Chiara', 'member of sports team', 'Fiorentina']
Error: Object 'Fiorentina' not defined as an instance.

Triple: ['Alberto Di Chiara', 'member of sports team', 'Lecce']
Error: Object 'Lecce' not defined as an instance.

Triple: ['Alberto Di Chiara', 'total goals in career', '10']
Error: Object '10' not defined as an instance.

Triple: ['Alberto Di Chiara', 'number of matches played/races/starts', '122']
Error: Object '122' not defined as an instance.

Please provide a corrected set of triples for this subject, addressing the errors and unused declarations mentioned above."
Q109852,"The following triples for the subject need attention:

Errors:
Triple: ['VfL Bochum', 'instance of', 'sports team']
Error: Instance type 'sports team' not associated with any property for subject 'VfL Bochum'

Triple: ['VfB Stuttgart', 'league', 'Bundesliga']
Error: Subject 'VfB Stuttgart' type 'sports team' does not satisfy the property 'league' subject constraints: ['sports award', 'sports transaction', 'sporting event', 'sports organization', 'competition', 'human']

Triple: ['Uwe Bialon', 'occupation', 'professional soccer player']
Error: Object 'professional soccer player' not defined as an instance.

Triple: ['VfB Stuttgart', 'win over', 'VfL Bochum']
Error: Error: Property 'win over' not found in properties.

Please provide a corrected set of triples for this subject, addressing the errors and unused declarations mentioned above."
Q109868,"The following triples for the subject need attention:

Errors:
Triple: ['Birgit Prinz', 'occupation', 'sport psychologist']
Error: Object 'sport psychologist' not defined as an instance.

Triple: ['Birgit Prinz', 'work period (start)', 'January 2012']
Error: Object 'January 2012' not defined as an instance.

Triple: ['Birgit Prinz', 'member of sports team', 'youth academy']
Error: Object 'youth academy' not defined as an instance.

Triple: ['Birgit Prinz', 'member of sports team', ""women's U-17""]
Error: Object 'women's U-17' not defined as an instance.

Triple: ['Birgit Prinz', 'member of sports team', ""women's Bundesliga teams""]
Error: Object 'women's Bundesliga teams' not defined as an instance.

Triple: ['Birgit Prinz', 'member of sports team', 'TSG 1899 Hoffenheim']
Error: Object 'TSG 1899 Hoffenheim' not defined as an instance.

Please provide a corrected set of triples for this subject, addressing the errors and unused declarations mentioned above."
Q1098851,"The following triples for the subject need attention:

Errors:
Triple: ['Claus Thomsen', 'given name', 'Claus']
Error: Object 'Claus' not defined as an instance.

Triple: ['Claus Thomsen', 'family name', 'Thomsen']
Error: Object 'Thomsen' not defined as an instance.

Triple: ['VfL Wolfsburg', 'instance of', 'sports organization']
Error: Instance type 'sports organization' not valid for object 'VfL Wolfsburg' with property 'member of sports team'

Triple: ['Ipswich Town', 'instance of', 'sports organization']
Error: Instance type 'sports organization' not valid for object 'Ipswich Town' with property 'member of sports team'

Triple: ['Claus Thomsen', 'member of sports team', 'VfL Wolfsburg']
Error: Object 'VfL Wolfsburg' type 'sports organization' does not satisfy the property 'member of sports team' value constraints: ['professional wrestling stable', 'department of a sports club', 'fictional sports club', 'fictional sports team', 'sports team', 'tag team', 'clan', 'sports club']

Triple: ['Claus Thomsen', 'member of sports team', 'Ipswich Town']
Error: Object 'Ipswich Town' type 'sports organization' does not satisfy the property 'member of sports team' value constraints: ['professional wrestling stable', 'department of a sports club', 'fictional sports club', 'fictional sports team', 'sports team', 'tag team', 'clan', 'sports club']

Triple: ['Claus Thomsen', 'participant in', 'transfer deal']
Error: Object 'transfer deal' type 'sports transaction' does not satisfy the property 'participant in' value constraints: ['fictional occurrence', 'activity', 'event', 'work', 'occurrence', 'experiment', 'organization']

Triple: ['transfer deal', 'instance of', 'sports transaction']
Error: Instance type 'sports transaction' not valid for object 'transfer deal' with property 'participant in'

Triple: ['transfer deal', 'value', '£250,000']
Error: Error: Property 'value' not found in properties.

Triple: ['Claus Thomsen', 'sport', 'football']
Error: Object 'football' not defined as an instance.

Triple: ['Claus Thomsen', 'league', 'English club']
Error: Object 'English club' not defined as an instance.

Triple: ['Claus Thomsen', 'league', 'German club']
Error: Object 'German club' not defined as an instance.

Triple: ['Claus Thomsen', 'occupation', 'football player']
Error: Object 'football player' not defined as an instance.

Triple: ['Claus Thomsen', 'position played on team / specialty', 'player']
Error: Error: Property 'position played on team / specialty' not found in properties.

Triple: ['Claus Thomsen', 'score', '8']
Error: Error: Property 'score' not found in properties.

Triple: ['Claus Thomsen', 'appearance', '97']
Error: Error: Property 'appearance' not found in properties.

Please provide a corrected set of triples for this subject, addressing the errors and unused declarations mentioned above."
Q1099172,"The following triples for the subject need attention:

Errors:
Triple: ['Bertil Hille', 'instance of', 'human']
Error: Instance type 'human' not valid for object 'Bertil Hille' with property 'occupation'

Triple: ['Roderick MacKinnon', 'instance of', 'human']
Error: Instance type 'human' not valid for object 'Roderick MacKinnon' with property 'occupation'

Triple: ['Louisa Gross Horwitz Prize', 'employer', 'Columbia University']
Error: Subject 'Louisa Gross Horwitz Prize' type 'award' does not satisfy the property 'employer' subject constraints: ['group of humans', 'fictional human', 'fictional location', 'fictional character', 'human']

Triple: ['Albert Lasker Award for Basic Medical Research', 'occupation', 'Bertil Hille']
Error: Subject 'Albert Lasker Award for Basic Medical Research' type 'award' does not satisfy the property 'occupation' subject constraints: ['individual organism', 'individual animal', 'character that may or may not be fictional', 'group of humans', 'professional name', 'group of fictional characters', 'working animal', 'person', 'fictional character', 'robot', 'human']

Triple: ['Albert Lasker Award for Basic Medical Research', 'occupation', 'Roderick MacKinnon']
Error: Subject 'Albert Lasker Award for Basic Medical Research' type 'award' does not satisfy the property 'occupation' subject constraints: ['individual organism', 'individual animal', 'character that may or may not be fictional', 'group of humans', 'professional name', 'group of fictional characters', 'working animal', 'person', 'fictional character', 'robot', 'human']

Please provide a corrected set of triples for this subject, addressing the errors and unused declarations mentioned above."
Q109956,"The following triples for the subject need attention:

Errors:
Triple: ['Hubert Moest', 'occupation', 'director']
Error: Object 'director' not defined as an instance.

Triple: ['Hubert Moest', 'occupation', 'producer']
Error: Object 'producer' not defined as an instance.

Triple: ['Hubert Moest', 'occupation', 'screenwriter']
Error: Object 'screenwriter' not defined as an instance.

Triple: ['Hubert Moest', 'occupation', 'actor']
Error: Object 'actor' not defined as an instance.

Please provide a corrected set of triples for this subject, addressing the errors and unused declarations mentioned above."
Q1099987,"The following triples for the subject need attention:

Unused Declarations:
Triple: ['2020', 'instance of', 'year']
Note: Subject '2020' is not used in other triples.

Please provide a corrected set of triples for this subject, addressing the errors and unused declarations mentioned above."
Q1100196,"The following triples for the subject need attention:

Errors:
Triple: ['Ken Rosenthal', 'occupation', 'senior baseball writer']
Error: Object 'senior baseball writer' not defined as an instance.

Triple: ['Ken Rosenthal', 'employer', 'The Athletic']
Error: Object 'The Athletic' not defined as an instance.

Please provide a corrected set of triples for this subject, addressing the errors and unused declarations mentioned above."
Q110043,"The following triples for the subject need attention:

Errors:
Triple: ['The Birds', 'instance of', 'film']
Error: Instance type 'film' not valid for subject 'The Birds' with property 'based on'

Triple: ['United States Library of Congress', 'instance of', 'organization']
Error: Instance type 'organization' not associated with any property for subject 'United States Library of Congress'

Triple: ['The Birds', 'based on', 'aesthetically significant']
Error: Object 'aesthetically significant' not defined as an instance.

Triple: ['The Birds', 'based on', 'historically significant']
Error: Object 'historically significant' not defined as an instance.

Triple: ['The Birds', 'based on', 'culturally significant']
Error: Object 'culturally significant' not defined as an instance.

Triple: ['United States Library of Congress', 'selected for preservation', 'The Birds']
Error: Error: Property 'selected for preservation' not found in properties.

Unused Declarations:
Triple: ['2016', 'instance of', 'year']
Note: Subject '2016' is not used in other triples.

Please provide a corrected set of triples for this subject, addressing the errors and unused declarations mentioned above."
Q1100449,"The following triples for the subject need attention:

Errors:
Triple: ['Serie B', 'instance of', 'sports discipline']
Error: Instance type 'sports discipline' not valid for object 'Serie B' with property 'sport'

Triple: ['Venezia', 'instance of', 'sports team']
Error: Instance type 'sports team' not valid for subject 'Venezia' with property 'position played on team / speciality'

Triple: ['Venezia', 'position played on team / speciality', 'Venezia']
Error: Subject 'Venezia' type 'sports team' does not satisfy the property 'position played on team / speciality' subject constraints: ['fictional character', 'human']

Triple: ['Gabriele Perico', 'sport', 'Serie B']
Error: Object 'Serie B' type 'sports discipline' does not satisfy the property 'sport' value constraints: ['sport', 'type of sport', 'fictional sport']

Triple: ['AlbinoLeffe', 'sport', 'Serie B']
Error: Object 'Serie B' type 'sports discipline' does not satisfy the property 'sport' value constraints: ['sport', 'type of sport', 'fictional sport']

Unused Declarations:
Triple: ['11 September 2004', 'instance of', 'date']
Note: Subject '11 September 2004' is not used in other triples.

Please provide a corrected set of triples for this subject, addressing the errors and unused declarations mentioned above."
Q110053,"The following triples for the subject need attention:

Errors:
Triple: ['Mats Hummels', 'occupation', 'football player']
Error: Object 'football player' not defined as an instance.

Triple: ['Mats Hummels', 'participant in', 'German Super Cup final']
Error: Object 'German Super Cup final' type 'football match' does not satisfy the property 'participant in' value constraints: ['fictional occurrence', 'activity', 'event', 'work', 'occurrence', 'experiment', 'organization']

Triple: ['German Super Cup final', 'instance of', 'football match']
Error: Instance type 'football match' not valid for object 'German Super Cup final' with property 'participant in'

Triple: ['Mats Hummels', 'participant in', 'transfer to Borussia Dortmund']
Error: Object 'transfer to Borussia Dortmund' type 'sports transaction' does not satisfy the property 'participant in' value constraints: ['fictional occurrence', 'activity', 'event', 'work', 'occurrence', 'experiment', 'organization']

Triple: ['transfer to Borussia Dortmund', 'instance of', 'sports transaction']
Error: Instance type 'sports transaction' not valid for object 'transfer to Borussia Dortmund' with property 'participant in'

Please provide a corrected set of triples for this subject, addressing the errors and unused declarations mentioned above."
Q1100652,"The following triples for the subject need attention:

Errors:
Triple: ['Cleto Bellucci', 'occupation', 'auxiliary archbishop']
Error: Object 'auxiliary archbishop' not defined as an instance.

Triple: ['Cleto Bellucci', 'occupation', 'titular bishop']
Error: Object 'titular bishop' not defined as an instance.

Triple: ['Cleto Bellucci', 'position held', 'archbishop of the Diocese of Taranto']
Error: Object 'archbishop of the Diocese of Taranto' not defined as an instance.

Triple: ['Cleto Bellucci', 'position held', 'bishop of Melzi']
Error: Object 'bishop of Melzi' not defined as an instance.

Triple: ['Cleto Bellucci', 'date of appointment as auxiliary archbishop of the Diocese of Taranto', 'March 15, 1969']
Error: Error: Property 'date of appointment as auxiliary archbishop of the Diocese of Taranto' not found in properties.

Triple: ['Cleto Bellucci', 'date of ordination as bishop', 'May 14, 1969']
Error: Error: Property 'date of ordination as bishop' not found in properties.

Unused Declarations:
Triple: ['Diocese of Taranto', 'instance of', 'religious organization']
Note: Subject 'Diocese of Taranto' is not used in other triples.

Triple: ['Melzi', 'instance of', 'geographic entity']
Note: Subject 'Melzi' is not used in other triples.

Please provide a corrected set of triples for this subject, addressing the errors and unused declarations mentioned above."
Q1100770,"The following triples for the subject need attention:

Unused Declarations:
Triple: ['1908', 'instance of', 'year']
Note: Subject '1908' is not used in other triples.

Please provide a corrected set of triples for this subject, addressing the errors and unused declarations mentioned above."
Q1100946,"The following triples for the subject need attention:

Errors:
Triple: ['Ann Romney', 'occupation', 'Bachelor of Arts in French']
Error: Object 'Bachelor of Arts in French' not defined as an instance.

Unused Declarations:
Triple: ['Bachelor of Arts', 'instance of', 'degree']
Note: Subject 'Bachelor of Arts' is not used in other triples.

Triple: ['French', 'instance of', 'language']
Note: Subject 'French' is not used in other triples.

Please provide a corrected set of triples for this subject, addressing the errors and unused declarations mentioned above."
Q1101243,"The following triples for the subject need attention:

Unused Declarations:
Triple: ['1928', 'instance of', 'year']
Note: Subject '1928' is not used in other triples.

Triple: ['1940', 'instance of', 'year']
Note: Subject '1940' is not used in other triples.

Please provide a corrected set of triples for this subject, addressing the errors and unused declarations mentioned above."
Q11012539,"The following triples for the subject need attention:

Errors:
Triple: ['Pita Putra', 'instance of', 'novel']
Error: Instance type 'novel' not valid for subject 'Pita Putra' with property 'writing language'

Triple: ['Pita Putra', 'writing language', 'Assamese language']
Error: Subject 'Pita Putra' type 'novel' does not satisfy the property 'writing language' subject constraints: ['human whose existence is disputed', 'group of humans', 'group of authors', 'pseudonym', 'fictional character', 'human']

Please provide a corrected set of triples for this subject, addressing the errors and unused declarations mentioned above."
Q1102044,"The following triples for the subject need attention:

Errors:
Triple: ['Paola Binetti', 'member of political party', 'UDC']
Error: Object 'UDC' not defined as an instance.

Unused Declarations:
Triple: ['2010', 'instance of', 'time period']
Note: Subject '2010' is not used in other triples.

Please provide a corrected set of triples for this subject, addressing the errors and unused declarations mentioned above."
Q11031492,"The following triples for the subject need attention:

Unused Declarations:
Triple: ['Generalitat de Catalunya', 'instance of', 'organization']
Note: Subject 'Generalitat de Catalunya' is not used in other triples.

Please provide a corrected set of triples for this subject, addressing the errors and unused declarations mentioned above."
Q110428,"The following triples for the subject need attention:

Errors:
Triple: ['Cornelia Poletto', 'occupation', 'chef']
Error: Object 'chef' not defined as an instance.

Please provide a corrected set of triples for this subject, addressing the errors and unused declarations mentioned above."
Q110436,"The following triples for the subject need attention:

Errors:
Triple: ['Cory Doctorow', 'present in work', '2007 EFF Pioneer Award']
Error: Subject 'Cory Doctorow' type 'human' does not satisfy the property 'present in work' subject constraints: ['item quality', 'imaginary character', 'narrative location', 'superhuman quality', 'mythical entity', 'character that may or may not be fictional', 'group of humans', 'class of fictional entities', 'artificial object', 'fictional entity', 'game mechanic', 'role', 'title of Virgin Mary', 'occurrence', 'fictional character', 'animal']

Triple: ['2007 EFF Pioneer Award', 'participant in', 'Cory Doctorow']
Error: Subject '2007 EFF Pioneer Award' type 'award' does not satisfy the property 'participant in' subject constraints: ['group of humans', 'group of fictional characters', 'nation at competition', 'individual animal', 'creative work', 'sports team', 'vessel', 'humanoid robot', 'person', 'fictional character', 'software', 'computer', 'human']

Triple: ['red cape', 'described by source', '2007 EFF Pioneer Award']
Error: Object '2007 EFF Pioneer Award' type 'award' does not satisfy the property 'described by source' value constraints: ['YouTube video', 'Holocaust train journey', 'group of works', 'list', 'scientific book', 'publisher', 'correspondence', 'version, edition or translation', 'GLAM', 'work', 'concept', 'organization', 'web page', 'biography', 'video recording', 'book']

Triple: ['goggles', 'described by source', '2007 EFF Pioneer Award']
Error: Object '2007 EFF Pioneer Award' type 'award' does not satisfy the property 'described by source' value constraints: ['YouTube video', 'Holocaust train journey', 'group of works', 'list', 'scientific book', 'publisher', 'correspondence', 'version, edition or translation', 'GLAM', 'work', 'concept', 'organization', 'web page', 'biography', 'video recording', 'book']

Triple: ['balloon', 'described by source', '2007 EFF Pioneer Award']
Error: Object '2007 EFF Pioneer Award' type 'award' does not satisfy the property 'described by source' value constraints: ['YouTube video', 'Holocaust train journey', 'group of works', 'list', 'scientific book', 'publisher', 'correspondence', 'version, edition or translation', 'GLAM', 'work', 'concept', 'organization', 'web page', 'biography', 'video recording', 'book']

Unused Declarations:
Triple: ['EFF Pioneer Award', 'instance of', 'award']
Note: Subject 'EFF Pioneer Award' is not used in other triples.

Please provide a corrected set of triples for this subject, addressing the errors and unused declarations mentioned above."
Q1105338,"The following triples for the subject need attention:

Errors:
Triple: ['SC Heerenveen', 'instance of', 'sports organization']
Error: Instance type 'sports organization' not valid for object 'SC Heerenveen' with property 'member of sports team'

Triple: ['Marc Nygaard', 'occupation', 'professional soccer player']
Error: Object 'professional soccer player' not defined as an instance.

Triple: ['Marc Nygaard', 'member of sports team', 'SC Heerenveen']
Error: Object 'SC Heerenveen' type 'sports organization' does not satisfy the property 'member of sports team' value constraints: ['professional wrestling stable', 'department of a sports club', 'fictional sports club', 'fictional sports team', 'sports team', 'tag team', 'clan', 'sports club']

Triple: ['Marc Nygaard', 'sport', 'soccer']
Error: Object 'soccer' not defined as an instance.

Triple: ['SC Heerenveen', 'league', 'professional soccer']
Error: Object 'professional soccer' not defined as an instance.

Please provide a corrected set of triples for this subject, addressing the errors and unused declarations mentioned above."
Q11067464,"The following triples for the subject need attention:

Errors:
Triple: ['The Fourth Front Army', 'instance of', 'military organization']
Error: Instance type 'military organization' not valid for subject 'The Fourth Front Army' with property 'position held'

Triple: ['Chen Changhao', 'occupation', 'political commissar']
Error: Object 'political commissar' not defined as an instance.

Triple: ['Chen Changhao', 'position held', 'political commissar']
Error: Object 'political commissar' not defined as an instance.

Triple: ['The Fourth Front Army', 'position held', 'political commissar']
Error: Object 'political commissar' not defined as an instance.

Please provide a corrected set of triples for this subject, addressing the errors and unused declarations mentioned above."
Q1107006,"The following triples for the subject need attention:

Errors:
Triple: ['Ken Thompson', 'educated at', 'University of California, Berkeley']
Error: Object 'University of California, Berkeley' not defined as an instance.

Triple: ['Ken Thompson', 'field of work', 'Electrical Engineering']
Error: Object 'Electrical Engineering' not defined as an instance.

Triple: ['Ken Thompson', 'field of work', 'Computer Science']
Error: Object 'Computer Science' not defined as an instance.

Unused Declarations:
Triple: ['Elwyn Berlekamp', 'instance of', 'human']
Note: Subject 'Elwyn Berlekamp' is not used in other triples.

Please provide a corrected set of triples for this subject, addressing the errors and unused declarations mentioned above."
Q110709,"The following triples for the subject need attention:

Errors:
Triple: ['20 January 1861', 'instance of', 'date']
Error: Instance type 'date' not associated with any property for subject '20 January 1861'

Triple: ['Annibale de Gasparis', 'field of work', 'science']
Error: Object 'science' not defined as an instance.

Triple: ['Annibale de Gasparis', 'date of appointment', '20 January 1861']
Error: Error: Property 'date of appointment' not found in properties.

Unused Declarations:
Triple: ['Kingdom of Italy', 'instance of', 'sovereign state']
Note: Subject 'Kingdom of Italy' is not used in other triples.

Please provide a corrected set of triples for this subject, addressing the errors and unused declarations mentioned above."
Q110740,"The following triples for the subject need attention:

Errors:
Triple: ['Martin Ostwald', 'occupation', 'teacher']
Error: Object 'teacher' not defined as an instance.

Triple: ['Martin Ostwald', 'position held', 'professor']
Error: Object 'professor' not defined as an instance.

Triple: ['Martin Ostwald', 'date of retirement', '1992']
Error: Error: Property 'date of retirement' not found in properties.

Please provide a corrected set of triples for this subject, addressing the errors and unused declarations mentioned above."
Q11074254,"The following triples for the subject need attention:

Errors:
Triple: ['Biljana Borzan', 'position held', 'Croatian MEP']
Error: Object 'Croatian MEP' not defined as an instance.

Triple: ['Biljana Borzan', 'country of citizenship', 'Croatia']
Error: Object 'Croatia' not defined as an instance.

Unused Declarations:
Triple: ['2013 European Parliament election', 'instance of', 'election']
Note: Subject '2013 European Parliament election' is not used in other triples.

Triple: ['2014 election', 'instance of', 'election']
Note: Subject '2014 election' is not used in other triples.

Triple: ['2019 election', 'instance of', 'election']
Note: Subject '2019 election' is not used in other triples.

Please provide a corrected set of triples for this subject, addressing the errors and unused declarations mentioned above."
Q110783,"The following triples for the subject need attention:

Errors:
Triple: ['Britta Reimers', 'country of citizenship', 'Germany']
Error: Object 'Germany' not defined as an instance.

Triple: ['Member of the European Parliament', 'place of activity', 'European Parliament']
Error: Error: Property 'place of activity' not found in properties.

Triple: ['2009 until 2014', 'instance of', 'term']
Error: Instance type 'term' not associated with any property for subject '2009 until 2014'

Triple: ['Britta Reimers', 'term', '2009 until 2014']
Error: Error: Property 'term' not found in properties.

Please provide a corrected set of triples for this subject, addressing the errors and unused declarations mentioned above."
Q1107932,"The following triples for the subject need attention:

Errors:
Triple: ['9 June 1604', 'instance of', 'date']
Error: Instance type 'date' not valid for subject '9 June 1604' with property 'date of birth'

Triple: ['Carlo Gaudenzio Madruzzo', 'religion or worldview', 'Catholic']
Error: Object 'Catholic' not defined as an instance.

Triple: ['Pope Clement VIII', 'position held', 'Pope']
Error: Object 'Pope' not defined as an instance.

Triple: ['Pope Clement VIII', 'religion or worldview', 'Catholic']
Error: Object 'Catholic' not defined as an instance.

Triple: ['9 June 1604', 'date of birth', 'Carlo Gaudenzio Madruzzo']
Error: Subject '9 June 1604' type 'date' does not satisfy the property 'date of birth' subject constraints: ['individual organism', 'hypothetical person', 'prosopographical phantom', 'fictional human formerly considered to be historical', 'captive mammal', 'stillborn child', 'clonal colony', 'fictional organism', 'human whose existence is disputed', 'Hominin fossil', 'legendary figure', 'fictional animal character', 'fictional character', 'house cat', 'horse', 'human', 'dog']

Unused Declarations:
Triple: ['San Cesareo in Palatio', 'instance of', 'geographic location']
Note: Subject 'San Cesareo in Palatio' is not used in other triples.

Please provide a corrected set of triples for this subject, addressing the errors and unused declarations mentioned above."
Q11087378,"The following triples for the subject need attention:

Errors:
Triple: ['Jay Chou', 'occupation', 'singer']
Error: Object 'singer' not defined as an instance.

Triple: ['Jay Chou', 'occupation', 'actor']
Error: Object 'actor' not defined as an instance.

Please provide a corrected set of triples for this subject, addressing the errors and unused declarations mentioned above."
Q110916,"The following triples for the subject need attention:

Errors:
Triple: ['Alan J.', 'occupation', 'physics professor']
Error: Object 'physics professor' not defined as an instance.

Please provide a corrected set of triples for this subject, addressing the errors and unused declarations mentioned above."
Q1109397,"The following triples for the subject need attention:

Errors:
Triple: ['Sten Stensen', 'award received', 'Oscar Mathisen Award in 1974']
Error: Object 'Oscar Mathisen Award in 1974' not defined as an instance.

Triple: ['Sten Stensen', 'award received', 'Oscar Mathisen Award in 1976']
Error: Object 'Oscar Mathisen Award in 1976' not defined as an instance.

Unused Declarations:
Triple: ['Oscar Mathisen Award', 'instance of', 'award']
Note: Subject 'Oscar Mathisen Award' is not used in other triples.

Please provide a corrected set of triples for this subject, addressing the errors and unused declarations mentioned above."
Q1109531,"The following triples for the subject need attention:

Errors:
Triple: ['1986', 'instance of', 'year']
Error: Instance type 'year' not valid for object '1986' with property 'participant in'

Triple: ['Geir Karlstad', 'participant in', '1986']
Error: Object '1986' type 'year' does not satisfy the property 'participant in' value constraints: ['fictional occurrence', 'activity', 'event', 'work', 'occurrence', 'experiment', 'organization']

Please provide a corrected set of triples for this subject, addressing the errors and unused declarations mentioned above."
Q110957,"The following triples for the subject need attention:

Errors:
Triple: ['Columbia University', 'instance of', 'educational institution']
Error: Instance type 'educational institution' not valid for object 'Columbia University' with property 'described by source'

Triple: ['nuclear magnetic resonance spectroscopy', 'instance of', 'research']
Error: Instance type 'research' not valid for object 'nuclear magnetic resonance spectroscopy' with property 'described by source'

Triple: ['Louisa Gross Horwitz Prize', 'described by source', 'Columbia University']
Error: Object 'Columbia University' type 'educational institution' does not satisfy the property 'described by source' value constraints: ['YouTube video', 'Holocaust train journey', 'group of works', 'list', 'scientific book', 'publisher', 'correspondence', 'version, edition or translation', 'GLAM', 'work', 'concept', 'organization', 'web page', 'biography', 'video recording', 'book']

Triple: ['Nobel Prize in Chemistry', 'described by source', 'nuclear magnetic resonance spectroscopy']
Error: Object 'nuclear magnetic resonance spectroscopy' type 'research' does not satisfy the property 'described by source' value constraints: ['YouTube video', 'Holocaust train journey', 'group of works', 'list', 'scientific book', 'publisher', 'correspondence', 'version, edition or translation', 'GLAM', 'work', 'concept', 'organization', 'web page', 'biography', 'video recording', 'book']

Please provide a corrected set of triples for this subject, addressing the errors and unused declarations mentioned above."
Q11096665,"The following triples for the subject need attention:

Errors:
Triple: ['Li Minhua', 'field of work', 'physics']
Error: Object 'physics' not defined as an instance.

Triple: ['Wu Zhonghua', 'field of work', 'physics']
Error: Object 'physics' not defined as an instance.

Triple: ['Li Minhua', 'occupation', 'physicist']
Error: Object 'physicist' not defined as an instance.

Triple: ['Wu Zhonghua', 'occupation', 'physicist']
Error: Object 'physicist' not defined as an instance.

Triple: ['Li Minhua', 'educated at', 'Tsinghua/Lianda']
Error: Object 'Tsinghua/Lianda' not defined as an instance.

Triple: ['Wu Zhonghua', 'educated at', 'Tsinghua/Lianda']
Error: Object 'Tsinghua/Lianda' not defined as an instance.

Triple: ['Wu Zhonghua', 'employer', 'Tsinghua/Lianda']
Error: Object 'Tsinghua/Lianda' not defined as an instance.

Please provide a corrected set of triples for this subject, addressing the errors and unused declarations mentioned above."
Q110968,"The following triples for the subject need attention:

Errors:
Triple: ['PhD', 'instance of', 'academic degree']
Error: Instance type 'academic degree' not valid for object 'PhD' with property 'academic thesis'

Triple: ['Tjalling Koopmans', 'academic thesis', 'PhD']
Error: Object 'PhD' type 'academic degree' does not satisfy the property 'academic thesis' value constraints: ['dissertation', 'thesis', ""bachelor's thesis"", 'doctoral thesis', ""bachelor's with honors thesis"", 'licentiate thesis', ""master's thesis""]

Please provide a corrected set of triples for this subject, addressing the errors and unused declarations mentioned above."
Q1110075,"The following triples for the subject need attention:

Errors:
Triple: ['Colm Burke', 'position held', 'Seanad √âireann for the Industrial and Commercial Panel']
Error: Object 'Seanad √âireann for the Industrial and Commercial Panel' not defined as an instance.

Triple: ['Colm Burke', 'position held', 'Member of the European Parliament for South']
Error: Object 'Member of the European Parliament for South' not defined as an instance.

Triple: ['Colm Burke', 'position held', 'Lord Mayor of Cork']
Error: Object 'Lord Mayor of Cork' not defined as an instance.

Please provide a corrected set of triples for this subject, addressing the errors and unused declarations mentioned above."
