subject,correction_prompt
Q10510,"The following triples for the subject need attention:

Errors:
Triple: ['Bud Abbott', 'country of citizenship', 'United Kingdom']
Error: Object 'United Kingdom' not defined as an instance.

Triple: ['Bud Abbott', 'occupation', 'racer']
Error: Object 'racer' not defined as an instance.

Triple: ['Bud Abbott', 'occupation', 'Racing driver']
Error: Object 'Racing driver' not defined as an instance.

Triple: ['Bud Abbott', 'completed at', 'Brazilian Grand Prix']
Error: Error: Property 'completed at' not found in properties.

Triple: ['Bud Abbott', 'completed at', 'World Mixed Doubles Curling Championship']
Error: Error: Property 'completed at' not found in properties.

Triple: ['Bud Abbott', 'completed at', '2018-19 World Quizzing Championship']
Error: Error: Property 'completed at' not found in properties.

Triple: ['Bud Abbott', 'number of wins', '6']
Error: Object '6' not defined as an instance.

Triple: ['Scuderia Toro Rosso', 'instance of', 'organization']
Error: Instance type 'organization' not valid for subject 'Scuderia Toro Rosso' with property 'member of sports team'

Triple: ['Scuderia Toro Rosso', 'member of sports team', 'Bud Abbott']
Error: Subject 'Scuderia Toro Rosso' type 'organization' does not satisfy the property 'member of sports team' subject constraints: ['VTuber', 'mascot', 'group of humans', 'fictional human', 'mascot character', 'fictional character', 'human']

Triple: ['Minardi', 'instance of', 'organization']
Error: Instance type 'organization' not valid for subject 'Minardi' with property 'member of sports team'

Triple: ['Minardi', 'member of sports team', 'Bud Abbott']
Error: Subject 'Minardi' type 'organization' does not satisfy the property 'member of sports team' subject constraints: ['VTuber', 'mascot', 'group of humans', 'fictional human', 'mascot character', 'fictional character', 'human']

Triple: ['Williams', 'instance of', 'organization']
Error: Instance type 'organization' not valid for subject 'Williams' with property 'member of sports team'

Triple: ['Williams', 'member of sports team', 'Bud Abbott']
Error: Subject 'Williams' type 'organization' does not satisfy the property 'member of sports team' subject constraints: ['VTuber', 'mascot', 'group of humans', 'fictional human', 'mascot character', 'fictional character', 'human']

Triple: ['SMP Racing', 'instance of', 'organization']
Error: Instance type 'organization' not valid for subject 'SMP Racing' with property 'member of sports team'

Triple: ['SMP Racing', 'member of sports team', 'Bud Abbott']
Error: Subject 'SMP Racing' type 'organization' does not satisfy the property 'member of sports team' subject constraints: ['VTuber', 'mascot', 'group of humans', 'fictional human', 'mascot character', 'fictional character', 'human']

Triple: ['Lewis Hamilton', 'country of citizenship', 'United Kingdom']
Error: Object 'United Kingdom' not defined as an instance.

Triple: ['Lewis Hamilton', 'occupation', 'racer']
Error: Object 'racer' not defined as an instance.

Triple: ['24 Hours of Le Mans', 'instance of', 'race']
Error: Instance type 'race' not valid for subject '24 Hours of Le Mans' with property 'participant in'

Triple: ['24 Hours of Le Mans', 'participant in', 'Bud Abbott']
Error: Subject '24 Hours of Le Mans' type 'race' does not satisfy the property 'participant in' subject constraints: ['group of humans', 'group of fictional characters', 'nation at competition', 'individual animal', 'creative work', 'sports team', 'vessel', 'humanoid robot', 'person', 'fictional character', 'software', 'computer', 'human']

Please provide a corrected set of triples for this subject, addressing the errors or unused declarations mentioned above."
Q10510315,"The following triples for the subject need attention:

Errors:
Triple: ['Ira Remsen', 'occupation', 'career']
Error: Object 'career' not defined as an instance.

Unused Declarations:
Triple: ['Southern League', 'instance of', 'sports league']
Note: Subject 'Southern League' is not used in other triples.

Please provide a corrected set of triples for this subject, addressing the errors or unused declarations mentioned above."
Q10513369,"The following triples for the subject need attention:

Unused Declarations:
Triple: ['2007', 'instance of', 'year']
Note: Subject '2007' is not used in other triples.

Triple: ['2010', 'instance of', 'year']
Note: Subject '2010' is not used in other triples.

Please provide a corrected set of triples for this subject, addressing the errors or unused declarations mentioned above."
Q10513481,"The following triples for the subject need attention:

Errors:
Triple: ['County Durham', 'instance of', 'geographic location']
Error: Instance type 'geographic location' not valid for object 'County Durham' with property 'country of citizenship'

Triple: ['Enid Markey', 'country of citizenship', 'County Durham']
Error: Object 'County Durham' type 'geographic location' does not satisfy the property 'country of citizenship' value constraints: ['country in a fiction work', 'disputed territory', 'former or current state', 'historical country', 'fictional planet', 'fictional country', 'sovereign state', 'political territorial entity', 'nationality', 'confederation', 'dependent territory', 'polis', 'city-state', 'colony', 'federated state', 'empire', 'national citizenship', 'nation', 'country']

Triple: ['Enid Markey', 'position played on team / speciality', 'amateur']
Error: Object 'amateur' not defined as an instance.

Please provide a corrected set of triples for this subject, addressing the errors or unused declarations mentioned above."
Q10513514,"The following triples for the subject need attention:

Errors:
Triple: ['Lazarus Fuchs', 'occupation', 'free agent']
Error: Object 'free agent' not defined as an instance.

Please provide a corrected set of triples for this subject, addressing the errors or unused declarations mentioned above."
Q10514,"The following triples for the subject need attention:

Errors:
Triple: ['Benetton', 'instance of', 'organization']
Error: Instance type 'organization' not valid for object 'Benetton' with property 'member of sports team'

Triple: ['Force India', 'instance of', 'organization']
Error: Instance type 'organization' not valid for object 'Force India' with property 'member of sports team'

Triple: ['Scuderia Toro Rosso', 'instance of', 'organization']
Error: Instance type 'organization' not valid for object 'Scuderia Toro Rosso' with property 'member of sports team'

Triple: ['Renault', 'instance of', 'organization']
Error: Instance type 'organization' not valid for object 'Renault' with property 'member of sports team'

Triple: ['Thomas E. Ackerman', 'member of sports team', 'Benetton']
Error: Object 'Benetton' type 'organization' does not satisfy the property 'member of sports team' value constraints: ['professional wrestling stable', 'department of a sports club', 'fictional sports club', 'fictional sports team', 'sports team', 'tag team', 'clan', 'sports club']

Triple: ['Thomas E. Ackerman', 'member of sports team', 'Force India']
Error: Object 'Force India' type 'organization' does not satisfy the property 'member of sports team' value constraints: ['professional wrestling stable', 'department of a sports club', 'fictional sports club', 'fictional sports team', 'sports team', 'tag team', 'clan', 'sports club']

Triple: ['Thomas E. Ackerman', 'member of sports team', 'Scuderia Toro Rosso']
Error: Object 'Scuderia Toro Rosso' type 'organization' does not satisfy the property 'member of sports team' value constraints: ['professional wrestling stable', 'department of a sports club', 'fictional sports club', 'fictional sports team', 'sports team', 'tag team', 'clan', 'sports club']

Triple: ['Thomas E. Ackerman', 'member of sports team', 'Renault']
Error: Object 'Renault' type 'organization' does not satisfy the property 'member of sports team' value constraints: ['professional wrestling stable', 'department of a sports club', 'fictional sports club', 'fictional sports team', 'sports team', 'tag team', 'clan', 'sports club']

Triple: ['Thomas E. Ackerman', 'participant in', '2001 championship']
Error: Object '2001 championship' type 'sports competition' does not satisfy the property 'participant in' value constraints: ['fictional occurrence', 'activity', 'event', 'work', 'occurrence', 'experiment', 'organization']

Triple: ['Thomas E. Ackerman', 'participant in', '2007 championship']
Error: Object '2007 championship' type 'sports competition' does not satisfy the property 'participant in' value constraints: ['fictional occurrence', 'activity', 'event', 'work', 'occurrence', 'experiment', 'organization']

Triple: ['Thomas E. Ackerman', 'participant in', '2008 championship']
Error: Object '2008 championship' type 'sports competition' does not satisfy the property 'participant in' value constraints: ['fictional occurrence', 'activity', 'event', 'work', 'occurrence', 'experiment', 'organization']

Triple: ['Thomas E. Ackerman', 'participant in', '2009 championship']
Error: Object '2009 championship' type 'sports competition' does not satisfy the property 'participant in' value constraints: ['fictional occurrence', 'activity', 'event', 'work', 'occurrence', 'experiment', 'organization']

Triple: ['Thomas E. Ackerman', 'number of wins', '2']
Error: Object '2' not defined as an instance.

Triple: ['2001 championship', 'instance of', 'sports competition']
Error: Instance type 'sports competition' not valid for object '2001 championship' with property 'participant in'

Triple: ['2007 championship', 'instance of', 'sports competition']
Error: Instance type 'sports competition' not valid for object '2007 championship' with property 'participant in'

Triple: ['2008 championship', 'instance of', 'sports competition']
Error: Instance type 'sports competition' not valid for object '2008 championship' with property 'participant in'

Triple: ['2009 championship', 'instance of', 'sports competition']
Error: Instance type 'sports competition' not valid for object '2009 championship' with property 'participant in'

Please provide a corrected set of triples for this subject, addressing the errors or unused declarations mentioned above."
Q10520,"The following triples for the subject need attention:

Errors:
Triple: ['Euro 1996', 'instance of', 'recurring event']
Error: Instance type 'recurring event' not valid for object 'Euro 1996' with property 'participant in'

Triple: ['AC Milan', 'instance of', 'sports team']
Error: Instance type 'sports team' not valid for object 'AC Milan' with property 'employer'

Triple: ['Geno Smith', 'field of work', 'football']
Error: Object 'football' not defined as an instance.

Triple: ['Geno Smith', 'participant in', 'Euro 1996']
Error: Object 'Euro 1996' type 'recurring event' does not satisfy the property 'participant in' value constraints: ['fictional occurrence', 'activity', 'event', 'work', 'occurrence', 'experiment', 'organization']

Triple: ['Geno Smith', 'employer', 'AC Milan']
Error: Object 'AC Milan' type 'sports team' does not satisfy the property 'employer' value constraints: ['government organization', 'educational institution', 'television channel', 'radio program', 'radio channel', 'structure of worship', 'legendary figure', 'theatre company', 'airport', 'duo', 'campaign', 'group of humans', 'association', 'periodical', 'mine', 'podcast', 'military base', 'fictional organization', 'fictional company', 'fictional human', 'company', 'anthology', 'fictional location', 'cultural institution', 'manufacturer', 'facility', 'government agency', 'parish', 'organization', 'fictional character', 'administrative territorial entity', 'website', 'television program', 'palace', 'newspaper', 'human']

Please provide a corrected set of triples for this subject, addressing the errors or unused declarations mentioned above."
Q10526787,"The following triples for the subject need attention:

Unused Declarations:
Triple: ['13 August 2019', 'instance of', 'date']
Note: Subject '13 August 2019' is not used in other triples.

Triple: ['end of the season', 'instance of', 'time period']
Note: Subject 'end of the season' is not used in other triples.

Please provide a corrected set of triples for this subject, addressing the errors or unused declarations mentioned above."
Q105282,"The following triples for the subject need attention:

Errors:
Triple: ['Candice King', 'occupation', 'pianist']
Error: Object 'pianist' not defined as an instance.

Triple: ['Dieter Candice King', 'occupation', 'pianist']
Error: Object 'pianist' not defined as an instance.

Please provide a corrected set of triples for this subject, addressing the errors or unused declarations mentioned above."
Q105338,"The following triples for the subject need attention:

Errors:
Triple: ['Anton Polenec', 'position held', 'leader of the Party for Freedom']
Error: Object 'leader of the Party for Freedom' not defined as an instance.

Unused Declarations:
Triple: ['Party for Freedom', 'instance of', 'political party']
Note: Subject 'Party for Freedom' is not used in other triples.

Triple: ['European Union', 'instance of', 'sovereign state']
Note: Subject 'European Union' is not used in other triples.

Triple: ['Turkey', 'instance of', 'sovereign state']
Note: Subject 'Turkey' is not used in other triples.

Please provide a corrected set of triples for this subject, addressing the errors or unused declarations mentioned above."
Q105343,"The following triples for the subject need attention:

Errors:
Triple: ['American Finance Association ', 'instance of', 'organization']
Error: Instance type 'organization' not valid for subject 'American Finance Association ' with property 'employer'

Triple: ['American Finance Association ', 'employer', 'Lalonde Gordon']
Error: Subject 'American Finance Association ' type 'organization' does not satisfy the property 'employer' subject constraints: ['group of humans', 'fictional human', 'fictional location', 'fictional character', 'human']

Unused Declarations:
Triple: ['2013', 'instance of', 'year']
Note: Subject '2013' is not used in other triples.

Please provide a corrected set of triples for this subject, addressing the errors or unused declarations mentioned above."
Q10536,"The following triples for the subject need attention:

Errors:
Triple: ['Club Real Potosí', 'league', '233']
Error: Object '233' not defined as an instance.

Triple: ['Franz Halder', 'league', '233']
Error: Object '233' not defined as an instance.

Triple: ['Franz Halder', 'award received', '65 goals']
Error: Object '65 goals' not defined as an instance.

Triple: ['Franz Halder', 'position played on team / speciality', 'scorer']
Error: Object 'scorer' not defined as an instance.

Please provide a corrected set of triples for this subject, addressing the errors or unused declarations mentioned above."
Q1054010,"The following triples for the subject need attention:

Errors:
Triple: ['Social Democratic Party of Kyrgyzstan', 'instance of', 'political party']
Error: Instance type 'political party' not valid for subject 'Social Democratic Party of Kyrgyzstan' with property 'country of citizenship'

Triple: ['Helene of Mecklenburg-Schwerin', 'position held', 'founder of Social Democratic Party of Kyrgyzstan']
Error: Object 'founder of Social Democratic Party of Kyrgyzstan' not defined as an instance.

Triple: ['Social Democratic Party of Kyrgyzstan', 'country of citizenship', 'Kyrgyzstan']
Error: Subject 'Social Democratic Party of Kyrgyzstan' type 'political party' does not satisfy the property 'country of citizenship' subject constraints: ['group of humans', 'character that may or may not be fictional', 'fictional human', 'group of fictional characters', 'person', 'fictional character', 'human']

Please provide a corrected set of triples for this subject, addressing the errors or unused declarations mentioned above."
Q10541213,"The following triples for the subject need attention:

Errors:
Triple: ['Nikephoros III Botaneiates Pritchard', 'occupation', 'model']
Error: Object 'model' not defined as an instance.

Triple: ['Eric Nikephoros III Botaneiates', 'occupation', 'director']
Error: Object 'director' not defined as an instance.

Unused Declarations:
Triple: ['Mecca Dancing', 'instance of', 'dance company']
Note: Subject 'Mecca Dancing' is not used in other triples.

Triple: ['Leeds', 'instance of', 'geographic location']
Note: Subject 'Leeds' is not used in other triples.

Please provide a corrected set of triples for this subject, addressing the errors or unused declarations mentioned above."
Q10543,"The following triples for the subject need attention:

Errors:
Triple: ['Waldemar Magunia', 'occupation', 'football player']
Error: Object 'football player' not defined as an instance.

Triple: ['Waldemar Magunia', 'member of sports team', 'Billingham Symphonia']
Error: Object 'Billingham Symphonia' not defined as an instance.

Triple: ['Waldemar Magunia', 'member of sports team', 'FK Famos Hrasnica']
Error: Object 'FK Famos Hrasnica' not defined as an instance.

Unused Declarations:
Triple: ['Graham Taylor', 'instance of', 'human']
Note: Subject 'Graham Taylor' is not used in other triples.

Triple: ['1990', 'instance of', 'year']
Note: Subject '1990' is not used in other triples.

Please provide a corrected set of triples for this subject, addressing the errors or unused declarations mentioned above."
Q10543612,"The following triples for the subject need attention:

Errors:
Triple: ['Angel Ayala', 'occupation', 'choral conductor']
Error: Object 'choral conductor' not defined as an instance.

Triple: ['Angel Ayala', 'occupation', 'civil engineer']
Error: Object 'civil engineer' not defined as an instance.

Please provide a corrected set of triples for this subject, addressing the errors or unused declarations mentioned above."
Q10547100,"The following triples for the subject need attention:

Errors:
Triple: ['Viktoria Plze≈à youth system', 'instance of', 'professional sports team']
Error: Instance type 'professional sports team' not valid for object 'Viktoria Plze≈à youth system' with property 'member of sports team'

Triple: ['Ulaanbaataryn Mazaalaynuud', 'instance of', 'professional sports team']
Error: Instance type 'professional sports team' not valid for object 'Ulaanbaataryn Mazaalaynuud' with property 'member of sports team'

Triple: ['FC Sachsen Leipzig', 'instance of', 'professional sports team']
Error: Instance type 'professional sports team' not valid for object 'FC Sachsen Leipzig' with property 'member of sports team'

Triple: ['Mihran Jaburyan', 'member of sports team', 'Viktoria Plze≈à youth system']
Error: Object 'Viktoria Plze≈à youth system' type 'professional sports team' does not satisfy the property 'member of sports team' value constraints: ['professional wrestling stable', 'department of a sports club', 'fictional sports club', 'fictional sports team', 'sports team', 'tag team', 'clan', 'sports club']

Triple: ['Mihran Jaburyan', 'member of sports team', 'Ulaanbaataryn Mazaalaynuud']
Error: Object 'Ulaanbaataryn Mazaalaynuud' type 'professional sports team' does not satisfy the property 'member of sports team' value constraints: ['professional wrestling stable', 'department of a sports club', 'fictional sports club', 'fictional sports team', 'sports team', 'tag team', 'clan', 'sports club']

Triple: ['Mihran Jaburyan', 'member of sports team', 'FC Sachsen Leipzig']
Error: Object 'FC Sachsen Leipzig' type 'professional sports team' does not satisfy the property 'member of sports team' value constraints: ['professional wrestling stable', 'department of a sports club', 'fictional sports club', 'fictional sports team', 'sports team', 'tag team', 'clan', 'sports club']

Please provide a corrected set of triples for this subject, addressing the errors or unused declarations mentioned above."
Q10550027,"The following triples for the subject need attention:

Errors:
Triple: ['6 December 2012', 'instance of', 'date']
Error: Instance type 'date' not associated with any property for subject '6 December 2012'

Triple: ['Europa League', 'instance of', 'sports event']
Error: Instance type 'sports event' not associated with any property for subject 'Europa League'

Triple: ['Liverpool', 'instance of', 'sports team']
Error: Instance type 'sports team' not associated with any property for subject 'Liverpool'

Triple: ['Inter Milan', 'participated in', 'Europa League']
Error: Error: Property 'participated in' not found in properties.

Triple: ['Liverpool', 'participated in', 'Europa League']
Error: Error: Property 'participated in' not found in properties.

Triple: ['Stéphane Darbion', 'made debut on', '6 December 2012']
Error: Error: Property 'made debut on' not found in properties.

Please provide a corrected set of triples for this subject, addressing the errors or unused declarations mentioned above."
Q10551263,"The following triples for the subject need attention:

Errors:
Triple: ['Marx Memorial Library', 'instance of', 'location']
Error: Instance type 'location' not valid for object 'Marx Memorial Library' with property 'member of sports team'

Triple: ['Engelbert Dollfuss', 'occupation', 'football player']
Error: Object 'football player' not defined as an instance.

Triple: ['Engelbert Dollfuss', 'member of sports team', 'Marx Memorial Library']
Error: Object 'Marx Memorial Library' type 'location' does not satisfy the property 'member of sports team' value constraints: ['professional wrestling stable', 'department of a sports club', 'fictional sports club', 'fictional sports team', 'sports team', 'tag team', 'clan', 'sports club']

Triple: ['Engelbert Dollfuss', 'position played on team / speciality', 'loan player']
Error: Object 'loan player' not defined as an instance.

Triple: ['Engelbert Dollfuss', 'sport', 'football']
Error: Object 'football' not defined as an instance.

Triple: ['36 appearances', 'instance of', 'appearance']
Error: Instance type 'appearance' not associated with any property for subject '36 appearances'

Triple: ['Engelbert Dollfuss', 'participated in', '36 appearances']
Error: Error: Property 'participated in' not found in properties.

Triple: ['2 goals', 'instance of', 'goal']
Error: Instance type 'goal' not associated with any property for subject '2 goals'

Triple: ['Engelbert Dollfuss', 'scored', '2 goals']
Error: Error: Property 'scored' not found in properties.

Triple: ['1 assist', 'instance of', 'assist']
Error: Instance type 'assist' not associated with any property for subject '1 assist'

Triple: ['Engelbert Dollfuss', 'made', '1 assist']
Error: Error: Property 'made' not found in properties.

Please provide a corrected set of triples for this subject, addressing the errors or unused declarations mentioned above."
Q10552,"The following triples for the subject need attention:

Errors:
Triple: ['Michel Audiard', 'occupation', 'professional football player']
Error: Object 'professional football player' not defined as an instance.

Triple: ['Michel Audiard', 'family name', 'Audiard']
Error: Object 'Audiard' not defined as an instance.

Unused Declarations:
Triple: ['Championship', 'instance of', 'football league']
Note: Subject 'Championship' is not used in other triples.

Triple: ['First Division', 'instance of', 'football league']
Note: Subject 'First Division' is not used in other triples.

Triple: ['League Two', 'instance of', 'football league']
Note: Subject 'League Two' is not used in other triples.

Please provide a corrected set of triples for this subject, addressing the errors or unused declarations mentioned above."
Q10553869,"The following triples for the subject need attention:

Errors:
Triple: ['Johann Friedrich von Brandt', 'occupation', 'professional athlete']
Error: Object 'professional athlete' not defined as an instance.

Triple: ['Johann Friedrich von Brandt', 'work period (start)', '22 February 2013']
Error: Object '22 February 2013' not defined as an instance.

Triple: ['Johann Friedrich von Brandt', 'family name', 'Brandt']
Error: Object 'Brandt' not defined as an instance.

Triple: ['Johann Friedrich von Brandt', 'given name', 'Johann Friedrich']
Error: Object 'Johann Friedrich' not defined as an instance.

Unused Declarations:
Triple: ['Sydney FC', 'instance of', 'sports team']
Note: Subject 'Sydney FC' is not used in other triples.

Please provide a corrected set of triples for this subject, addressing the errors or unused declarations mentioned above."
Q1055449,"The following triples for the subject need attention:

Errors:
Triple: ['European Parliament', 'instance of', 'political organization']
Error: Instance type 'political organization' not valid for object 'European Parliament' with property 'employer'

Triple: ['Ulrich de Maizière', 'country of citizenship', 'Finland']
Error: Object 'Finland' not defined as an instance.

Triple: ['Ulrich de Maizière', 'employer', 'European Parliament']
Error: Object 'European Parliament' type 'political organization' does not satisfy the property 'employer' value constraints: ['government organization', 'educational institution', 'television channel', 'radio program', 'radio channel', 'structure of worship', 'legendary figure', 'theatre company', 'airport', 'duo', 'campaign', 'group of humans', 'association', 'periodical', 'mine', 'podcast', 'military base', 'fictional organization', 'fictional company', 'fictional human', 'company', 'anthology', 'fictional location', 'cultural institution', 'manufacturer', 'facility', 'government agency', 'parish', 'organization', 'fictional character', 'administrative territorial entity', 'website', 'television program', 'palace', 'newspaper', 'human']

Unused Declarations:
Triple: ['North-West region', 'instance of', 'geographic location']
Note: Subject 'North-West region' is not used in other triples.

Triple: ['Non-Inscrits', 'instance of', 'political group']
Note: Subject 'Non-Inscrits' is not used in other triples.

Triple: ['2004', 'instance of', 'year']
Note: Subject '2004' is not used in other triples.

Triple: ['2018', 'instance of', 'year']
Note: Subject '2018' is not used in other triples.

Triple: ['14,000 votes', 'instance of', 'vote count']
Note: Subject '14,000 votes' is not used in other triples.

Please provide a corrected set of triples for this subject, addressing the errors or unused declarations mentioned above."
Q1055545,"The following triples for the subject need attention:

Unused Declarations:
Triple: ['1942', 'instance of', 'year']
Note: Subject '1942' is not used in other triples.

Please provide a corrected set of triples for this subject, addressing the errors or unused declarations mentioned above."
Q10556,"The following triples for the subject need attention:

Errors:
Triple: ['Blue Stars St. Gallen', 'instance of', 'sports organization']
Error: Instance type 'sports organization' not valid for object 'Blue Stars St. Gallen' with property 'member of sports team'

Triple: ['FK Drnovice', 'instance of', 'sports organization']
Error: Instance type 'sports organization' not valid for object 'FK Drnovice' with property 'member of sports team'

Triple: ['Sheffield FC', 'instance of', 'sports organization']
Error: Instance type 'sports organization' not valid for object 'Sheffield FC' with property 'member of sports team'

Triple: ['Louis III, Elector Palatine', 'member of sports team', 'Blue Stars St. Gallen']
Error: Object 'Blue Stars St. Gallen' type 'sports organization' does not satisfy the property 'member of sports team' value constraints: ['professional wrestling stable', 'department of a sports club', 'fictional sports club', 'fictional sports team', 'sports team', 'tag team', 'clan', 'sports club']

Triple: ['Louis III, Elector Palatine', 'member of sports team', 'FK Drnovice']
Error: Object 'FK Drnovice' type 'sports organization' does not satisfy the property 'member of sports team' value constraints: ['professional wrestling stable', 'department of a sports club', 'fictional sports club', 'fictional sports team', 'sports team', 'tag team', 'clan', 'sports club']

Triple: ['Louis III, Elector Palatine', 'member of sports team', 'Sheffield FC']
Error: Object 'Sheffield FC' type 'sports organization' does not satisfy the property 'member of sports team' value constraints: ['professional wrestling stable', 'department of a sports club', 'fictional sports club', 'fictional sports team', 'sports team', 'tag team', 'clan', 'sports club']

Triple: ['Louis III, Elector Palatine', 'work period (start)', '1998']
Error: Object '1998' not defined as an instance.

Triple: ['Louis III, Elector Palatine', 'work period (start)', '2005']
Error: Object '2005' not defined as an instance.

Triple: ['Louis III, Elector Palatine', 'work period (start)', '2012']
Error: Object '2012' not defined as an instance.

Triple: ['Louis III, Elector Palatine', 'work period (end)', '1998']
Error: Object '1998' not defined as an instance.

Triple: ['Louis III, Elector Palatine', 'work period (end)', '2005']
Error: Object '2005' not defined as an instance.

Triple: ['Louis III, Elector Palatine', 'work period (end)', '2012']
Error: Object '2012' not defined as an instance.

Triple: ['Louis III, Elector Palatine', 'given name', 'Louis']
Error: Object 'Louis' not defined as an instance.

Please provide a corrected set of triples for this subject, addressing the errors or unused declarations mentioned above."
Q1055604,"The following triples for the subject need attention:

Errors:
Triple: ['Carl van Dockum', 'occupation', 'actor']
Error: Object 'actor' not defined as an instance.

Please provide a corrected set of triples for this subject, addressing the errors or unused declarations mentioned above."
Q10556350,"The following triples for the subject need attention:

Unused Declarations:
Triple: ['30 June 2017', 'instance of', 'date']
Note: Subject '30 June 2017' is not used in other triples.

Please provide a corrected set of triples for this subject, addressing the errors or unused declarations mentioned above."
Q10557160,"The following triples for the subject need attention:

Errors:
Triple: ['Lothar von Richthofen', 'occupation', 'manager of Inter Milan']
Error: Object 'manager of Inter Milan' not defined as an instance.

Triple: ['Lothar von Richthofen', 'member of sports team', 'Villa Teresa']
Error: Object 'Villa Teresa' type 'Second Division club' does not satisfy the property 'member of sports team' value constraints: ['professional wrestling stable', 'department of a sports club', 'fictional sports club', 'fictional sports team', 'sports team', 'tag team', 'clan', 'sports club']

Triple: ['Villa Teresa', 'instance of', 'Second Division club']
Error: Instance type 'Second Division club' not valid for object 'Villa Teresa' with property 'member of sports team'

Unused Declarations:
Triple: ['Inter Milan', 'instance of', 'Southern League First Division club']
Note: Subject 'Inter Milan' is not used in other triples.

Please provide a corrected set of triples for this subject, addressing the errors or unused declarations mentioned above."
Q1055767,"The following triples for the subject need attention:

Errors:
Triple: ['Ismar Elbogen', 'date of birth', '1921']
Error: Object '1921' not defined as an instance.

Unused Declarations:
Triple: ['1939', 'instance of', 'year']
Note: Subject '1939' is not used in other triples.

Triple: ['18', 'instance of', 'age']
Note: Subject '18' is not used in other triples.

Triple: ['Serie A', 'instance of', 'sports league']
Note: Subject 'Serie A' is not used in other triples.

Triple: ['4 February 1940', 'instance of', 'date']
Note: Subject '4 February 1940' is not used in other triples.

Please provide a corrected set of triples for this subject, addressing the errors or unused declarations mentioned above."
Q1055773,"The following triples for the subject need attention:

Errors:
Triple: ['Damon Hill', 'occupation', 'defender']
Error: Object 'defender' not defined as an instance.

Triple: ['Damon Hill', 'work period (start)', '1944']
Error: Object '1944' not defined as an instance.

Please provide a corrected set of triples for this subject, addressing the errors or unused declarations mentioned above."
Q1055780,"The following triples for the subject need attention:

Errors:
Triple: ['Alessandria', 'instance of', 'football club']
Error: Instance type 'football club' not valid for object 'Alessandria' with property 'member of sports team'

Triple: ['Hellas Verona FC', 'instance of', 'football club']
Error: Instance type 'football club' not valid for object 'Hellas Verona FC' with property 'member of sports team'

Triple: ['Juventus', 'instance of', 'football club']
Error: Instance type 'football club' not associated with any property for subject 'Juventus'

Triple: ['Turin Derby', 'instance of', 'football competition']
Error: Instance type 'football competition' not associated with any property for subject 'Turin Derby'

Triple: ['Antoni Martí', 'member of sports team', 'Alessandria']
Error: Object 'Alessandria' type 'football club' does not satisfy the property 'member of sports team' value constraints: ['professional wrestling stable', 'department of a sports club', 'fictional sports club', 'fictional sports team', 'sports team', 'tag team', 'clan', 'sports club']

Triple: ['Antoni Martí', 'work period (start)', '1944']
Error: Object '1944' not defined as an instance.

Triple: ['Antoni Martí', 'member of sports team', 'Hellas Verona FC']
Error: Object 'Hellas Verona FC' type 'football club' does not satisfy the property 'member of sports team' value constraints: ['professional wrestling stable', 'department of a sports club', 'fictional sports club', 'fictional sports team', 'sports team', 'tag team', 'clan', 'sports club']

Triple: ['Antoni Martí', 'work period (end)', '14 October 1945']
Error: Object '14 October 1945' not defined as an instance.

Triple: ['Turin Derby', 'participating teams', 'Hellas Verona FC']
Error: Error: Property 'participating teams' not found in properties.

Triple: ['Turin Derby', 'participating teams', 'Juventus']
Error: Error: Property 'participating teams' not found in properties.

Please provide a corrected set of triples for this subject, addressing the errors or unused declarations mentioned above."
Q10558029,"The following triples for the subject need attention:

Errors:
Triple: ['Józef Bilczewski', 'given name', 'Józef']
Error: Object 'Józef' not defined as an instance.

Triple: ['Józef Bilczewski', 'family name', 'Bilczewski']
Error: Object 'Bilczewski' not defined as an instance.

Triple: ['North American Soccer League', 'instance of', 'sports governing body']
Error: Instance type 'sports governing body' not valid for object 'North American Soccer League' with property 'member of sports team'

Triple: ['England', 'instance of', 'sovereign state']
Error: Instance type 'sovereign state' not valid for object 'England' with property 'country for sport'

Triple: ['Józef Bilczewski', 'country for sport', 'England']
Error: Object 'England' type 'sovereign state' does not satisfy the property 'country for sport' value constraints: ['nation at sport competition', 'Olympic delegation', 'administrative territorial entity', 'geographic region', 'state', 'country']

Triple: ['Miami Toros', 'member of sports team', 'North American Soccer League']
Error: Subject 'Miami Toros' type 'sports team' does not satisfy the property 'member of sports team' subject constraints: ['VTuber', 'mascot', 'group of humans', 'fictional human', 'mascot character', 'fictional character', 'human']

Triple: ['Al-Ahli Saudi FC', 'country for sport', 'Saudi Arabia']
Error: Object 'Saudi Arabia' not defined as an instance.

Triple: ['Józef Bilczewski', 'occupation', 'soccer player']
Error: Object 'soccer player' not defined as an instance.

Unused Declarations:
Triple: ['1976', 'instance of', 'year']
Note: Subject '1976' is not used in other triples.

Please provide a corrected set of triples for this subject, addressing the errors or unused declarations mentioned above."
Q105605,"The following triples for the subject need attention:

Errors:
Triple: ['Michel Foucault', 'field of work', 'innate immunity']
Error: Object 'innate immunity' not defined as an instance.

Triple: ['Bruce Beutler', 'field of work', 'innate immunity']
Error: Object 'innate immunity' not defined as an instance.

Please provide a corrected set of triples for this subject, addressing the errors or unused declarations mentioned above."
Q10561955,"The following triples for the subject need attention:

Errors:
Triple: ['Cuno of Praeneste', 'field of work', 'discrete and combinatorial geometry']
Error: Object 'discrete and combinatorial geometry' not defined as an instance.

Triple: ['Cuno of Praeneste', 'field of work', 'convexity and combinatorics']
Error: Object 'convexity and combinatorics' not defined as an instance.

Please provide a corrected set of triples for this subject, addressing the errors or unused declarations mentioned above."
Q10564966,"The following triples for the subject need attention:

Unused Declarations:
Triple: ['The Romance of the Condor Heroes', 'instance of', 'television show']
Note: Subject 'The Romance of the Condor Heroes' is not used in other triples.

Please provide a corrected set of triples for this subject, addressing the errors or unused declarations mentioned above."
Q105667,"The following triples for the subject need attention:

Errors:
Triple: ['Treaty of Lisbon', 'instance of', 'legal norm']
Error: Instance type 'legal norm' not associated with any property for subject 'Treaty of Lisbon'

Triple: ['Bulgaria', 'instance of', 'sovereign state']
Error: Instance type 'sovereign state' not valid for object 'Bulgaria' with property 'member of'

Triple: ['Vice President of Bulgaria', 'member of', 'Bulgaria']
Error: Subject 'Vice President of Bulgaria' type 'position' does not satisfy the property 'member of' subject constraints: ['fictional criminal organization', 'group of humans', 'fictional organization', 'collective', 'legendary figure', 'military profession', 'territory', 'fictional character', 'territory', 'political identity', 'document', 'Catholic vocation', 'person', 'political territorial entity', 'Christian religious occupation', 'religious occupation', 'organization', 'role', 'human', 'website']

Triple: ['Vice President of Bulgaria', 'start time', 'December 2009']
Error: Relation 'start time' not present in subject properties for 'Vice President of Bulgaria'

Triple: ['Vice President of Bulgaria', 'point in time', 'December 2009']
Error: Relation 'point in time' not present in subject properties for 'Vice President of Bulgaria'

Triple: ['Vice President of Bulgaria', 'created by', 'Treaty of Lisbon']
Error: Error: Property 'created by' not found in properties.

Please provide a corrected set of triples for this subject, addressing the errors or unused declarations mentioned above."
Q10569,"The following triples for the subject need attention:

Errors:
Triple: ['1. FC Bamberg', 'instance of', 'sports organization']
Error: Instance type 'sports organization' not valid for object '1. FC Bamberg' with property 'member of sports team'

Triple: ['IFK Göteborg', 'instance of', 'sports organization']
Error: Instance type 'sports organization' not valid for object 'IFK Göteborg' with property 'member of sports team'

Triple: ['Loughborough Dynamo F.C.', 'instance of', 'sports organization']
Error: Instance type 'sports organization' not valid for object 'Loughborough Dynamo F.C.' with property 'member of sports team'

Triple: ['Beşiktaş J.K.', 'instance of', 'sports organization']
Error: Instance type 'sports organization' not valid for object 'Beşiktaş J.K.' with property 'member of sports team'

Triple: ['SV Viktoria Preußen 07', 'instance of', 'sports organization']
Error: Instance type 'sports organization' not valid for object 'SV Viktoria Preußen 07' with property 'member of sports team'

Triple: ['Gregor Gysi', 'member of sports team', '1. FC Bamberg']
Error: Object '1. FC Bamberg' type 'sports organization' does not satisfy the property 'member of sports team' value constraints: ['professional wrestling stable', 'department of a sports club', 'fictional sports club', 'fictional sports team', 'sports team', 'tag team', 'clan', 'sports club']

Triple: ['Gregor Gysi', 'member of sports team', 'IFK Göteborg']
Error: Object 'IFK Göteborg' type 'sports organization' does not satisfy the property 'member of sports team' value constraints: ['professional wrestling stable', 'department of a sports club', 'fictional sports club', 'fictional sports team', 'sports team', 'tag team', 'clan', 'sports club']

Triple: ['Gregor Gysi', 'member of sports team', 'Loughborough Dynamo F.C.']
Error: Object 'Loughborough Dynamo F.C.' type 'sports organization' does not satisfy the property 'member of sports team' value constraints: ['professional wrestling stable', 'department of a sports club', 'fictional sports club', 'fictional sports team', 'sports team', 'tag team', 'clan', 'sports club']

Triple: ['Gregor Gysi', 'member of sports team', 'Beşiktaş J.K.']
Error: Object 'Beşiktaş J.K.' type 'sports organization' does not satisfy the property 'member of sports team' value constraints: ['professional wrestling stable', 'department of a sports club', 'fictional sports club', 'fictional sports team', 'sports team', 'tag team', 'clan', 'sports club']

Triple: ['Gregor Gysi', 'member of sports team', 'SV Viktoria Preußen 07']
Error: Object 'SV Viktoria Preußen 07' type 'sports organization' does not satisfy the property 'member of sports team' value constraints: ['professional wrestling stable', 'department of a sports club', 'fictional sports club', 'fictional sports team', 'sports team', 'tag team', 'clan', 'sports club']

Triple: ['Gregor Gysi', 'occupation', 'professional football player']
Error: Object 'professional football player' not defined as an instance.

Triple: ['Gregor Gysi', 'family name', 'Gysi']
Error: Object 'Gysi' not defined as an instance.

Triple: ['Gregor', 'given name', 'Gregor']
Error: Subject 'Gregor' not defined as an instance. and Object 'Gregor' not defined as an instance.

Triple: ['Gregor Gysi', 'work period (start)', '31 January 2013']
Error: Object '31 January 2013' not defined as an instance.

Unused Declarations:
Triple: ['Fulham', 'instance of', 'sports organization']
Note: Subject 'Fulham' is not used in other triples.

Triple: ['Goyang Zaicro FC', 'instance of', 'sports organization']
Note: Subject 'Goyang Zaicro FC' is not used in other triples.

Triple: ['Club Real Potosí', 'instance of', 'sports organization']
Note: Subject 'Club Real Potosí' is not used in other triples.

Triple: ['Chelsea', 'instance of', 'sports organization']
Note: Subject 'Chelsea' is not used in other triples.

Please provide a corrected set of triples for this subject, addressing the errors or unused declarations mentioned above."
Q10572,"The following triples for the subject need attention:

Errors:
Triple: ['Molly Ephraim', 'occupation', 'professional footballer']
Error: Object 'professional footballer' not defined as an instance.

Triple: ['Molly Ephraim', 'sport', 'football']
Error: Object 'football' not defined as an instance.

Triple: ['Molly Ephraim', 'work period (start)', '23 August 2005']
Error: Object '23 August 2005' not defined as an instance.

Unused Declarations:
Triple: ['League Cup match against Notts County', 'instance of', 'sporting event']
Note: Subject 'League Cup match against Notts County' is not used in other triples.

Triple: ['Notts County', 'instance of', 'sports team']
Note: Subject 'Notts County' is not used in other triples.

Triple: ['League Cup', 'instance of', 'sports competition']
Note: Subject 'League Cup' is not used in other triples.

Please provide a corrected set of triples for this subject, addressing the errors or unused declarations mentioned above."
Q10577,"The following triples for the subject need attention:

Errors:
Triple: ['Anton Braun', 'participant in', '2012 Summer Olympics']
Error: Object '2012 Summer Olympics' not defined as an instance.

Triple: ['Anton Braun', 'country of citizenship', 'Austria']
Error: Object 'Austria' not defined as an instance.

Unused Declarations:
Triple: ['San Marino', 'instance of', 'sports team']
Note: Subject 'San Marino' is not used in other triples.

Triple: ['Liverpool', 'instance of', 'sports team']
Note: Subject 'Liverpool' is not used in other triples.

Triple: ['Nottingham Forest', 'instance of', 'sports team']
Note: Subject 'Nottingham Forest' is not used in other triples.

Triple: ['Walsall', 'instance of', 'sports team']
Note: Subject 'Walsall' is not used in other triples.

Please provide a corrected set of triples for this subject, addressing the errors or unused declarations mentioned above."
Q1057736,"The following triples for the subject need attention:

Errors:
Triple: ['Red Sox', 'instance of', 'sports team']
Error: Instance type 'sports team' not associated with any property for subject 'Red Sox'

Triple: ['Patricio Albacete', 'dreamed of working for', 'Red Sox']
Error: Error: Property 'dreamed of working for' not found in properties.

Please provide a corrected set of triples for this subject, addressing the errors or unused declarations mentioned above."
Q1058,"The following triples for the subject need attention:

Errors:
Triple: ['Jiru', 'position held', 'prime minister']
Error: Object 'prime minister' not defined as an instance.

Triple: ['Jiru', 'position held', 'chief minister']
Error: Object 'chief minister' not defined as an instance.

Triple: ['Jiru', 'position held', 'Chief Administrator']
Error: Object 'Chief Administrator' not defined as an instance.

Triple: ['Jiru', 'occupation', 'politician']
Error: Object 'politician' not defined as an instance.

Triple: ['Master of Arts degree in political science', 'instance of', 'degree']
Error: Instance type 'degree' not valid for object 'Master of Arts degree in political science' with property 'award received'

Triple: ['Jiru', 'field of work', 'political science']
Error: Object 'political science' not defined as an instance.

Triple: ['Jiru', 'award received', 'Master of Arts degree in political science']
Error: Object 'Master of Arts degree in political science' type 'degree' does not satisfy the property 'award received' value constraints: ['position', 'title of honor', 'horse race', 'beauty contest', 'class of award', 'homage', 'order of chivalry', 'military decoration', 'science award', 'recognition', 'award ceremony', 'grade of an order', 'fictional award', 'competition', 'Roman triumph', 'hall of fame', 'award', 'title of authority', 'competition', 'literary award', 'order', 'coat of arms', 'medallion']

Triple: ['Jiru', 'residence', 'Maninagar']
Error: Object 'Maninagar' not defined as an instance.

Please provide a corrected set of triples for this subject, addressing the errors or unused declarations mentioned above."
Q10581,"The following triples for the subject need attention:

Errors:
Triple: ['Ton Sijbrands', 'sport', 'football']
Error: Object 'football' not defined as an instance.

Unused Declarations:
Triple: ['Manchester Sheffield FC', 'instance of', 'sports team']
Note: Subject 'Manchester Sheffield FC' is not used in other triples.

Triple: ['Arsenal', 'instance of', 'sports team']
Note: Subject 'Arsenal' is not used in other triples.

Triple: ['Charlton Athletic', 'instance of', 'sports team']
Note: Subject 'Charlton Athletic' is not used in other triples.

Triple: ['Hull Sheffield FC', 'instance of', 'sports team']
Note: Subject 'Hull Sheffield FC' is not used in other triples.

Please provide a corrected set of triples for this subject, addressing the errors or unused declarations mentioned above."
Q105825,"The following triples for the subject need attention:

Errors:
Triple: [""Raimbaut d'Aurenga"", 'occupation', 'actress']
Error: Object 'actress' not defined as an instance.

Unused Declarations:
Triple: [""Corinne Jacker's My Life"", 'instance of', 'creative work']
Note: Subject 'Corinne Jacker's My Life' is not used in other triples.

Triple: ['Fifth of July', 'instance of', 'creative work']
Note: Subject 'Fifth of July' is not used in other triples.

Triple: ['Ulysses in Traction', 'instance of', 'creative work']
Note: Subject 'Ulysses in Traction' is not used in other triples.

Triple: ['Lulu', 'instance of', 'creative work']
Note: Subject 'Lulu' is not used in other triples.

Please provide a corrected set of triples for this subject, addressing the errors or unused declarations mentioned above."
Q10585,"The following triples for the subject need attention:

Errors:
Triple: ['Charles Samuel Franklin', 'occupation', 'footballer']
Error: Object 'footballer' not defined as an instance.

Triple: ['Charles Samuel Franklin', 'country of citizenship', 'Austria']
Error: Object 'Austria' not defined as an instance.

Triple: ['Charles Samuel Franklin', 'participant in', 'Association football']
Error: Object 'Association football' not defined as an instance.

Triple: ['Austria national association football team', 'participant in', 'Association football']
Error: Object 'Association football' not defined as an instance.

Triple: ['Spain national association football team', 'participant in', 'Association football']
Error: Subject 'Spain national association football team' not defined as an instance. and Object 'Association football' not defined as an instance.

Triple: ['Charles Samuel Franklin', 'work period (start)', '2001']
Error: Object '2001' not defined as an instance.

Please provide a corrected set of triples for this subject, addressing the errors or unused declarations mentioned above."
Q1058606,"The following triples for the subject need attention:

Errors:
Triple: ['2004 MLS SuperDraft', 'instance of', 'sports event']
Error: Instance type 'sports event' not valid for subject '2004 MLS SuperDraft' with property 'league'

Triple: ['Melanie Faißt', 'sport number', 'second']
Error: Object 'second' not defined as an instance.

Triple: ['2004 MLS SuperDraft', 'league', 'MLS']
Error: Object 'MLS' not defined as an instance.

Please provide a corrected set of triples for this subject, addressing the errors or unused declarations mentioned above."
Q10588,"The following triples for the subject need attention:

Errors:
Triple: ['Assunção dos Anjos', 'occupation', 'football player']
Error: Object 'football player' not defined as an instance.

Please provide a corrected set of triples for this subject, addressing the errors or unused declarations mentioned above."
Q10590,"The following triples for the subject need attention:

Errors:
Triple: ['Eduard Geyer', 'occupation', 'football player']
Error: Object 'football player' not defined as an instance.

Triple: ['Eduard Geyer', 'position played on team / speciality', 'midfield']
Error: Object 'midfield' not defined as an instance.

Please provide a corrected set of triples for this subject, addressing the errors or unused declarations mentioned above."
Q10592,"The following triples for the subject need attention:

Errors:
Triple: ['Leonardo DiCaprio', 'place of birth', 'Hammersmith, London']
Error: Object 'Hammersmith, London' not defined as an instance.

Triple: ['Leonardo DiCaprio', 'work period (start)', '1988']
Error: Object '1988' not defined as an instance.

Triple: ['Leonardo DiCaprio', 'work period (end)', '2006']
Error: Object '2006' not defined as an instance.

Triple: ['Leonardo DiCaprio', 'occupation', 'FC Merani Tbilisi reserve team manager']
Error: Object 'FC Merani Tbilisi reserve team manager' not defined as an instance.

Unused Declarations:
Triple: ['FC Merani Tbilisi', 'instance of', 'sports team']
Note: Subject 'FC Merani Tbilisi' is not used in other triples.

Please provide a corrected set of triples for this subject, addressing the errors or unused declarations mentioned above."
Q105937,"The following triples for the subject need attention:

Errors:
Triple: ['Emperor Jingzong of Liao', 'occupation', 'Professor of Biochemistry']
Error: Object 'Professor of Biochemistry' not defined as an instance.

Triple: ['Emperor Jingzong of Liao', 'employer', 'University of New Hampshire, Berkeley']
Error: Object 'University of New Hampshire, Berkeley' not defined as an instance.

Triple: ['Virus Laboratory', 'instance of', 'facility']
Error: Instance type 'facility' not valid for subject 'Virus Laboratory' with property 'creator'

Triple: ['Department of Biochemistry building', 'instance of', 'building']
Error: Instance type 'building' not valid for subject 'Department of Biochemistry building' with property 'creator'

Triple: ['Stanley Hall', 'instance of', 'building']
Error: Instance type 'building' not associated with any property for subject 'Stanley Hall'

Triple: ['Stanley Hall', 'instance of', 'Department of Biochemistry building']
Error: Instance type 'Department of Biochemistry building' not associated with any property for subject 'Stanley Hall'

Triple: ['Virus Laboratory', 'creator', 'Emperor Jingzong of Liao']
Error: Relation 'creator' not present in subject properties for 'Virus Laboratory'

Triple: ['Department of Biochemistry building', 'creator', 'Emperor Jingzong of Liao']
Error: Relation 'creator' not present in subject properties for 'Department of Biochemistry building'

Triple: ['Stanley Hall', 'previous name', 'Department of Biochemistry building']
Error: Error: Property 'previous name' not found in properties.

Please provide a corrected set of triples for this subject, addressing the errors or unused declarations mentioned above."
Q10594,"The following triples for the subject need attention:

Errors:
Triple: ['Kieran Gibbs', 'occupation', 'footballer']
Error: Object 'footballer' not defined as an instance.

Triple: ['Kieran Gibbs', 'member of sports team', 'Club Real Potosí']
Error: Object 'Club Real Potosí' type 'sports organization' does not satisfy the property 'member of sports team' value constraints: ['professional wrestling stable', 'department of a sports club', 'fictional sports club', 'fictional sports team', 'sports team', 'tag team', 'clan', 'sports club']

Triple: ['Kieran Gibbs', 'member of sports team', '1. FC Bamberg']
Error: Object '1. FC Bamberg' type 'sports organization' does not satisfy the property 'member of sports team' value constraints: ['professional wrestling stable', 'department of a sports club', 'fictional sports club', 'fictional sports team', 'sports team', 'tag team', 'clan', 'sports club']

Triple: ['Kieran Gibbs', 'member of sports team', 'SpVgg Unterhaching']
Error: Object 'SpVgg Unterhaching' type 'sports organization' does not satisfy the property 'member of sports team' value constraints: ['professional wrestling stable', 'department of a sports club', 'fictional sports club', 'fictional sports team', 'sports team', 'tag team', 'clan', 'sports club']

Triple: ['Kieran Gibbs', 'member of sports team', 'Colchester']
Error: Object 'Colchester' type 'sports organization' does not satisfy the property 'member of sports team' value constraints: ['professional wrestling stable', 'department of a sports club', 'fictional sports club', 'fictional sports team', 'sports team', 'tag team', 'clan', 'sports club']

Triple: ['Kieran Gibbs', 'work period (start)', '1982']
Error: Object '1982' not defined as an instance.

Triple: ['Kieran Gibbs', 'work period (end)', '2007']
Error: Object '2007' not defined as an instance.

Triple: ['1. FC Bamberg', 'instance of', 'sports organization']
Error: Instance type 'sports organization' not valid for object '1. FC Bamberg' with property 'member of sports team'

Triple: ['Club Real Potosí', 'instance of', 'sports organization']
Error: Instance type 'sports organization' not valid for object 'Club Real Potosí' with property 'member of sports team'

Triple: ['SpVgg Unterhaching', 'instance of', 'sports organization']
Error: Instance type 'sports organization' not valid for object 'SpVgg Unterhaching' with property 'member of sports team'

Triple: ['Colchester', 'instance of', 'sports organization']
Error: Instance type 'sports organization' not valid for object 'Colchester' with property 'member of sports team'

Please provide a corrected set of triples for this subject, addressing the errors or unused declarations mentioned above."
Q105960,"The following triples for the subject need attention:

Errors:
Triple: ['Ernst Ludwig II', 'sex or gender', 'male']
Error: Object 'male' not defined as an instance.

Triple: ['Anita Asante', 'sex or gender', 'female']
Error: Object 'female' not defined as an instance.

Please provide a corrected set of triples for this subject, addressing the errors or unused declarations mentioned above."
Q10598,"The following triples for the subject need attention:

Errors:
Triple: ['Franz Schlegelberger', 'country for sport', 'Austria']
Error: Object 'Austria' not defined as an instance.

Triple: ['Franz Schlegelberger', 'occupation', 'player-manager']
Error: Object 'player-manager' not defined as an instance.

Triple: ['Franz Schlegelberger', 'occupation', 'goalkeeper']
Error: Object 'goalkeeper' not defined as an instance.

Triple: ['Franz Schlegelberger', 'position played on team / speciality', 'goalkeeper']
Error: Object 'goalkeeper' not defined as an instance.

Triple: ['Franz Schlegelberger', 'country of citizenship', 'Austria']
Error: Object 'Austria' not defined as an instance.

Unused Declarations:
Triple: ['Nottingham Forest', 'instance of', 'sports team']
Note: Subject 'Nottingham Forest' is not used in other triples.

Triple: ['Newcastle ND Mura 05', 'instance of', 'sports team']
Note: Subject 'Newcastle ND Mura 05' is not used in other triples.

Triple: ['Tottenham Hotspur', 'instance of', 'sports team']
Note: Subject 'Tottenham Hotspur' is not used in other triples.

Triple: ['Blackburn Rovers', 'instance of', 'sports team']
Note: Subject 'Blackburn Rovers' is not used in other triples.

Please provide a corrected set of triples for this subject, addressing the errors or unused declarations mentioned above."
Q1059833,"The following triples for the subject need attention:

Errors:
Triple: ['Robert Satcher', 'occupation', 'Robert Satcher']
Error: Object 'Robert Satcher' type 'human' does not satisfy the property 'occupation' value constraints: ['fictional analog of an occupation', 'Catholic vocation', 'Christian religious occupation', 'fictional religious occupation', 'fictional profession', 'occupation', 'position', 'job activity', 'title of authority', 'profession']

Triple: ['Wu Youning', 'occupation', 'singer']
Error: Object 'singer' not defined as an instance.

Please provide a corrected set of triples for this subject, addressing the errors or unused declarations mentioned above."
Q10601,"The following triples for the subject need attention:

Errors:
Triple: ['Brice Dja Djédjé', 'sport', 'football']
Error: Object 'football' not defined as an instance.

Triple: ['Brice Dja Djédjé', 'position played on team / speciality', 'substitute']
Error: Object 'substitute' not defined as an instance.

Unused Declarations:
Triple: ['Sunderland', 'instance of', 'sports team']
Note: Subject 'Sunderland' is not used in other triples.

Please provide a corrected set of triples for this subject, addressing the errors or unused declarations mentioned above."
Q10603,"The following triples for the subject need attention:

Unused Declarations:
Triple: ['Bramall Lane', 'instance of', 'architectural structure']
Note: Subject 'Bramall Lane' is not used in other triples.

Please provide a corrected set of triples for this subject, addressing the errors or unused declarations mentioned above."
Q1060370,"The following triples for the subject need attention:

Errors:
Triple: ['Anne Panter', 'occupation', 'football player']
Error: Object 'football player' not defined as an instance.

Triple: ['Anne Panter', 'sex or gender', 'male']
Error: Object 'male' not defined as an instance.

Unused Declarations:
Triple: ['Salzburg', 'instance of', 'geo location']
Note: Subject 'Salzburg' is not used in other triples.

Triple: ['Palermo', 'instance of', 'geo location']
Note: Subject 'Palermo' is not used in other triples.

Please provide a corrected set of triples for this subject, addressing the errors or unused declarations mentioned above."
Q1060433,"The following triples for the subject need attention:

Errors:
Triple: ['Zero-1 show', 'instance of', 'event']
Error: Instance type 'event' not valid for object 'Zero-1 show' with property 'occupation'

Triple: ['Pier Luigi Bersani', 'occupation', 'Zero-1 show']
Error: Object 'Zero-1 show' type 'event' does not satisfy the property 'occupation' value constraints: ['fictional analog of an occupation', 'Catholic vocation', 'Christian religious occupation', 'fictional religious occupation', 'fictional profession', 'occupation', 'position', 'job activity', 'title of authority', 'profession']

Triple: ['Juha-Matti Ruuskanen', 'occupation', 'Zero-1 joshi wrestler']
Error: Object 'Zero-1 joshi wrestler' not defined as an instance.

Unused Declarations:
Triple: ['January 2, 2009', 'instance of', 'date']
Note: Subject 'January 2, 2009' is not used in other triples.

Triple: ['Zero-1', 'instance of', 'organization']
Note: Subject 'Zero-1' is not used in other triples.

Please provide a corrected set of triples for this subject, addressing the errors or unused declarations mentioned above."
Q1060462,"The following triples for the subject need attention:

Unused Declarations:
Triple: ['2004 European Parliament election', 'instance of', 'election']
Note: Subject '2004 European Parliament election' is not used in other triples.

Triple: ['2005 Venetian regional election', 'instance of', 'election']
Note: Subject '2005 Venetian regional election' is not used in other triples.

Please provide a corrected set of triples for this subject, addressing the errors or unused declarations mentioned above."
Q10606,"The following triples for the subject need attention:

Errors:
Triple: ['Anna Maria Mühe', 'memberof sports team', 'Championship side Manchester Manchester United F.C. F.C.']
Error: Error: Property 'memberof sports team' not found in properties.

Triple: ['Anna Maria Mühe', 'date of birth', '26 September 2001']
Error: Object '26 September 2001' not defined as an instance.

Triple: ['Anna Maria Mühe', 'work period (start)', '2016']
Error: Object '2016' not defined as an instance.

Triple: ['Anna Maria Mühe', 'given name', 'Anna Maria']
Error: Object 'Anna Maria' not defined as an instance.

Triple: ['Anna Maria Mühe', 'family name', 'Mühe']
Error: Object 'Mühe' not defined as an instance.

Triple: ['Pierre Issa', 'given name', 'Pierre']
Error: Object 'Pierre' not defined as an instance.

Triple: ['Pierre Issa', 'family name', 'Issa']
Error: Object 'Issa' not defined as an instance.

Triple: ['Club Real Potosí', 'sport', 'soccer']
Error: Object 'soccer' not defined as an instance.

Triple: ['Birmingham City', 'sport', 'soccer']
Error: Object 'soccer' not defined as an instance.

Triple: ['Manchester Manchester United F.C. F.C.', 'sport', 'soccer']
Error: Object 'soccer' not defined as an instance.

Triple: ['Colchester Manchester United F.C.', 'sport', 'soccer']
Error: Object 'soccer' not defined as an instance.

Triple: ['Championship side Manchester Manchester United F.C. F.C.', 'sport', 'soccer']
Error: Object 'soccer' not defined as an instance.

Please provide a corrected set of triples for this subject, addressing the errors or unused declarations mentioned above."
Q1060636,"The following triples for the subject need attention:

Errors:
Triple: ['Wolf Gerlach', 'educated at', 'Nation University']
Error: Object 'Nation University' not defined as an instance.

Triple: ['1992', 'instance of', 'year']
Error: Instance type 'year' not associated with any property for subject '1992'

Triple: ['Wolf Gerlach', 'graduated in', '1992']
Error: Error: Property 'graduated in' not found in properties.

Please provide a corrected set of triples for this subject, addressing the errors or unused declarations mentioned above."
Q1060949,"The following triples for the subject need attention:

Errors:
Triple: ['Mahathir Mohamad', 'country of citizenship', 'Malaysia']
Error: Object 'Malaysia' not defined as an instance.

Triple: ['Mahathir Mohamad', 'occupation', 'Prime Minister']
Error: Object 'Prime Minister' not defined as an instance.

Please provide a corrected set of triples for this subject, addressing the errors or unused declarations mentioned above."
Q1061825,"The following triples for the subject need attention:

Errors:
Triple: ['2006‚Äì07 season', 'instance of', 'sporting event']
Error: Instance type 'sporting event' not valid for object '2006‚Äì07 season' with property 'participant in'

Triple: ['Deutsche Eishockey Liga', 'instance of', 'sports organization']
Error: Instance type 'sports organization' not valid for object 'Deutsche Eishockey Liga' with property 'participant in'

Triple: ['Lasse Virén', 'occupation', 'coach']
Error: Object 'coach' not defined as an instance.

Triple: ['Lasse Virén', 'participant in', '2006‚Äì07 season']
Error: Object '2006‚Äì07 season' type 'sporting event' does not satisfy the property 'participant in' value constraints: ['fictional occurrence', 'activity', 'event', 'work', 'occurrence', 'experiment', 'organization']

Triple: ['Sabres', 'participant in', 'Deutsche Eishockey Liga']
Error: Object 'Deutsche Eishockey Liga' type 'sports organization' does not satisfy the property 'participant in' value constraints: ['fictional occurrence', 'activity', 'event', 'work', 'occurrence', 'experiment', 'organization']

Triple: ['Sabres', 'league', 'Deutsche Eishockey Liga']
Error: Subject 'Sabres' type 'sports team' does not satisfy the property 'league' subject constraints: ['sports award', 'sports transaction', 'sporting event', 'sports organization', 'competition', 'human']

Triple: ['50 win seasons', 'instance of', 'sporting event']
Error: Instance type 'sporting event' not valid for object '50 win seasons' with property 'participant in'

Triple: ['Lasse Virén', 'participant in', '50 win seasons']
Error: Object '50 win seasons' type 'sporting event' does not satisfy the property 'participant in' value constraints: ['fictional occurrence', 'activity', 'event', 'work', 'occurrence', 'experiment', 'organization']

Triple: ['Sabres', 'participant in', '50 win seasons']
Error: Object '50 win seasons' type 'sporting event' does not satisfy the property 'participant in' value constraints: ['fictional occurrence', 'activity', 'event', 'work', 'occurrence', 'experiment', 'organization']

Unused Declarations:
Triple: ['back-to-back 50 win seasons', 'instance of', 'achievement']
Note: Subject 'back-to-back 50 win seasons' is not used in other triples.

Please provide a corrected set of triples for this subject, addressing the errors or unused declarations mentioned above."
Q106231,"The following triples for the subject need attention:

Errors:
Triple: ['New York merchant', 'instance of', 'human']
Error: Instance type 'human' not valid for object 'New York merchant' with property 'father'

Triple: ['Nalini Venkatasubramanian', 'father', 'New York merchant']
Error: Object 'New York merchant' type 'human' does not satisfy the property 'father' value constraints: ['human whose existence is disputed', 'character that may or may not be fictional', 'mythical character', 'legendary figure', 'individual', 'person', 'fictional character', 'animal']

Triple: ['María Dolores Pradera', 'position held', 'New York merchant’s wife']
Error: Object 'New York merchant’s wife' not defined as an instance.

Triple: ['Nalini Venkatasubramanian', 'age', '32']
Error: Error: Property 'age' not found in properties.

Please provide a corrected set of triples for this subject, addressing the errors or unused declarations mentioned above."
Q106275,"The following triples for the subject need attention:

Errors:
Triple: ['Henri Marie Ducrotay de Blainville', 'instance of', 'person']
Error: Instance type 'person' not valid for subject 'Henri Marie Ducrotay de Blainville' with property 'nominated for'

Triple: ['Henri Marie Ducrotay de Blainville', 'nominated for', 'Academy Award for Best Picture in 2001']
Error: Subject 'Henri Marie Ducrotay de Blainville' type 'person' does not satisfy the property 'nominated for' subject constraints: ['individual animal', 'group of humans', 'occurrence', 'work', 'organization', 'human']

Unused Declarations:
Triple: [""Lasse Hallstr√∂m's romantic comedy Chocolat (2000)"", 'instance of', 'creative work']
Note: Subject 'Lasse Hallstr√∂m's romantic comedy Chocolat (2000)' is not used in other triples.

Please provide a corrected set of triples for this subject, addressing the errors or unused declarations mentioned above."
Q1063509,"The following triples for the subject need attention:

Errors:
Triple: ['Alexandre Alphonse', 'given name', 'Alexandre']
Error: Object 'Alexandre' not defined as an instance.

Triple: ['Alexandre Alphonse', 'family name', 'Alphonse']
Error: Object 'Alphonse' not defined as an instance.

Please provide a corrected set of triples for this subject, addressing the errors or unused declarations mentioned above."
Q1063677,"The following triples for the subject need attention:

Unused Declarations:
Triple: ['1974', 'instance of', 'year']
Note: Subject '1974' is not used in other triples.

Please provide a corrected set of triples for this subject, addressing the errors or unused declarations mentioned above."
Q1063791,"The following triples for the subject need attention:

Errors:
Triple: ['Yoshiyuki Kato', 'award received', 'Chelengk']
Error: Object 'Chelengk' not defined as an instance.

Unused Declarations:
Triple: ['1939', 'instance of', 'year']
Note: Subject '1939' is not used in other triples.

Please provide a corrected set of triples for this subject, addressing the errors or unused declarations mentioned above."
Q1063846,"The following triples for the subject need attention:

Errors:
Triple: ['Carlo Lizzani', 'occupation', 'independent filmmaker']
Error: Object 'independent filmmaker' not defined as an instance.

Triple: ['Carlo Lizzani', 'award received', 'Leonardo da Vinci programme']
Error: Object 'Leonardo da Vinci programme' not defined as an instance.

Triple: ['Carlo Lizzani', 'place of birth', 'Saginaw, Mississippi']
Error: Object 'Saginaw, Mississippi' not defined as an instance.

Triple: ['Carlo Lizzani', 'date of birth', 'April 13, 1944']
Error: Object 'April 13, 1944' not defined as an instance.

Triple: ['Carlo Lizzani', 'country of citizenship', 'United States']
Error: Object 'United States' not defined as an instance.

Please provide a corrected set of triples for this subject, addressing the errors or unused declarations mentioned above."
Q106399,"The following triples for the subject need attention:

Errors:
Triple: ['Crafoord Prize', 'employer', 'National Academy of Sciences']
Error: Subject 'Crafoord Prize' type 'award' does not satisfy the property 'employer' subject constraints: ['group of humans', 'fictional human', 'fictional location', 'fictional character', 'human']

Please provide a corrected set of triples for this subject, addressing the errors or unused declarations mentioned above."
Q1064228,"The following triples for the subject need attention:

Errors:
Triple: ['Edgar Alexander Mearns', 'date of birth', '1938']
Error: Object '1938' not defined as an instance.

Please provide a corrected set of triples for this subject, addressing the errors or unused declarations mentioned above."
Q1064346,"The following triples for the subject need attention:

Errors:
Triple: ['Dagmar Havlová', 'date of marriage', 'February 14, 1931']
Error: Error: Property 'date of marriage' not found in properties.

Triple: ['John Crittenden', 'date of marriage', 'February 14, 1931']
Error: Error: Property 'date of marriage' not found in properties.

Triple: ['Valli', 'date of death', 'September 24, 1968']
Error: Object 'September 24, 1968' not defined as an instance.

Triple: ['Valli', 'cause of death', 'stroke']
Error: Object 'stroke' not defined as an instance.

Please provide a corrected set of triples for this subject, addressing the errors or unused declarations mentioned above."
Q106443,"The following triples for the subject need attention:

Errors:
Triple: ['Joan Saura i Laporta', 'country of citizenship', 'Spain']
Error: Object 'Spain' not defined as an instance.

Triple: ['Walter Breisky', 'country of citizenship', 'Italy']
Error: Object 'Italy' not defined as an instance.

Triple: ['Joan Saura i Laporta', 'occupation', 'actor']
Error: Object 'actor' not defined as an instance.

Triple: ['Walter Breisky', 'occupation', 'actor']
Error: Object 'actor' not defined as an instance.

Please provide a corrected set of triples for this subject, addressing the errors or unused declarations mentioned above."
Q106454,"The following triples for the subject need attention:

Errors:
Triple: ['acceleration of the expansion of the universe', 'instance of', 'discovery']
Error: Instance type 'discovery' not associated with any property for subject 'acceleration of the expansion of the universe'

Triple: ['Perlmutter', 'contribution to', 'acceleration of the expansion of the universe']
Error: Error: Property 'contribution to' not found in properties.

Triple: ['Schmidt', 'contribution to', 'acceleration of the expansion of the universe']
Error: Error: Property 'contribution to' not found in properties.

Triple: ['Bernardino Lu', 'contribution to', 'acceleration of the expansion of the universe']
Error: Error: Property 'contribution to' not found in properties.

Please provide a corrected set of triples for this subject, addressing the errors or unused declarations mentioned above."
Q1064544,"The following triples for the subject need attention:

Errors:
Triple: ['Chemistry', 'instance of', 'academic major']
Error: Instance type 'academic major' not valid for object 'Chemistry' with property 'occupation'

Triple: ['PhD', 'instance of', 'academic degree']
Error: Instance type 'academic degree' not valid for object 'PhD' with property 'award received'

Triple: ['Dwyane Wade', 'occupation', 'Chemistry']
Error: Object 'Chemistry' type 'academic major' does not satisfy the property 'occupation' value constraints: ['fictional analog of an occupation', 'Catholic vocation', 'Christian religious occupation', 'fictional religious occupation', 'fictional profession', 'occupation', 'position', 'job activity', 'title of authority', 'profession']

Triple: ['Dwyane Wade', 'award received', 'PhD']
Error: Object 'PhD' type 'academic degree' does not satisfy the property 'award received' value constraints: ['position', 'title of honor', 'horse race', 'beauty contest', 'class of award', 'homage', 'order of chivalry', 'military decoration', 'science award', 'recognition', 'award ceremony', 'grade of an order', 'fictional award', 'competition', 'Roman triumph', 'hall of fame', 'award', 'title of authority', 'competition', 'literary award', 'order', 'coat of arms', 'medallion']

Please provide a corrected set of triples for this subject, addressing the errors or unused declarations mentioned above."
Q1064545,"The following triples for the subject need attention:

Errors:
Triple: ['Michael Powell', 'occupation', 'Vice President of Advanced Technology']
Error: Object 'Vice President of Advanced Technology' not defined as an instance.

Triple: ['Michael Powell', 'employer', 'X']
Error: Object 'X' not defined as an instance.

Triple: ['Michael Powell', 'date of retirement', '1986']
Error: Error: Property 'date of retirement' not found in properties.

Triple: ['Michael Powell', 'date of starting the job', '1951']
Error: Error: Property 'date of starting the job' not found in properties.

Please provide a corrected set of triples for this subject, addressing the errors or unused declarations mentioned above."
Q1064558,"The following triples for the subject need attention:

Unused Declarations:
Triple: ['1880', 'instance of', 'year']
Note: Subject '1880' is not used in other triples.

Please provide a corrected set of triples for this subject, addressing the errors or unused declarations mentioned above."
Q106465,"The following triples for the subject need attention:

Errors:
Triple: ['Francisco Pizarro', 'educated at', 'West Virginia University']
Error: Object 'West Virginia University' not defined as an instance.

Triple: ['Francisco Pizarro', 'year of graduation', '1977']
Error: Error: Property 'year of graduation' not found in properties.

Triple: ['Francisco Pizarro', 'awarded degree', 'Bachelor of Science']
Error: Error: Property 'awarded degree' not found in properties.

Please provide a corrected set of triples for this subject, addressing the errors or unused declarations mentioned above."
Q106471,"The following triples for the subject need attention:

Errors:
Triple: ['Lewis Siegelbaum', 'field of work', 'palladium-catalyzed coupling reactions']
Error: Object 'palladium-catalyzed coupling reactions' not defined as an instance.

Triple: ['Lewis Siegelbaum', 'field of work', 'organic synthesis']
Error: Object 'organic synthesis' not defined as an instance.

Please provide a corrected set of triples for this subject, addressing the errors or unused declarations mentioned above."
Q1064791,"The following triples for the subject need attention:

Errors:
Triple: ['2009–10 season', 'instance of', 'sporting event']
Error: Instance type 'sporting event' not valid for object '2009–10 season' with property 'participant in'

Triple: ['October 11, 2009', 'instance of', 'date']
Error: Instance type 'date' not valid for object 'October 11, 2009' with property 'participant in'

Triple: ['Nofret', 'participant in', '2009–10 season']
Error: Object '2009–10 season' type 'sporting event' does not satisfy the property 'participant in' value constraints: ['fictional occurrence', 'activity', 'event', 'work', 'occurrence', 'experiment', 'organization']

Triple: ['Stars', 'participant in', '2009–10 season']
Error: Object '2009–10 season' type 'sporting event' does not satisfy the property 'participant in' value constraints: ['fictional occurrence', 'activity', 'event', 'work', 'occurrence', 'experiment', 'organization']

Triple: ['Roerto Luongo', 'member of sports team', 'Vancouver Canucks']
Error: Subject 'Roerto Luongo' not defined as an instance.

Triple: ['Nofret', 'participant in', 'Deutsche Eishockey Liga']
Error: Object 'Deutsche Eishockey Liga' type 'sports organization' does not satisfy the property 'participant in' value constraints: ['fictional occurrence', 'activity', 'event', 'work', 'occurrence', 'experiment', 'organization']

Triple: ['Nofret', 'participant in', 'goal']
Error: Object 'goal' not defined as an instance.

Triple: ['goal', 'participant in', 'October 11, 2009']
Error: Subject 'goal' not defined as an instance.

Unused Declarations:
Triple: ['Roberto Luongo', 'instance of', 'human']
Note: Subject 'Roberto Luongo' is not used in other triples.

Please provide a corrected set of triples for this subject, addressing the errors or unused declarations mentioned above."
Q10648,"The following triples for the subject need attention:

Errors:
Triple: ['private ceremony', 'instance of', 'ceremony']
Error: Instance type 'ceremony' not valid for subject 'private ceremony' with property 'participant in'

Triple: ['Daniela Anschütz-Thoms', 'sex or gender', 'female']
Error: Object 'female' not defined as an instance.

Triple: ['Anton Stamitz', 'sex or gender', 'male']
Error: Object 'male' not defined as an instance.

Triple: ['private ceremony', 'participant in', 'Daniela Anschütz-Thoms']
Error: Subject 'private ceremony' type 'ceremony' does not satisfy the property 'participant in' subject constraints: ['group of humans', 'group of fictional characters', 'nation at competition', 'individual animal', 'creative work', 'sports team', 'vessel', 'humanoid robot', 'person', 'fictional character', 'software', 'computer', 'human']

Triple: ['private ceremony', 'participant in', 'Anton Stamitz']
Error: Subject 'private ceremony' type 'ceremony' does not satisfy the property 'participant in' subject constraints: ['group of humans', 'group of fictional characters', 'nation at competition', 'individual animal', 'creative work', 'sports team', 'vessel', 'humanoid robot', 'person', 'fictional character', 'software', 'computer', 'human']

Triple: ['private ceremony', 'place of birth', 'North Queensferry']
Error: Subject 'private ceremony' type 'ceremony' does not satisfy the property 'place of birth' subject constraints: ['human whose existence is disputed', 'abstract being', 'group of fictional characters', 'fictional character', 'animal', 'human']

Triple: ['private ceremony', 'place of birth', 'Fife']
Error: Subject 'private ceremony' type 'ceremony' does not satisfy the property 'place of birth' subject constraints: ['human whose existence is disputed', 'abstract being', 'group of fictional characters', 'fictional character', 'animal', 'human']

Triple: ['private ceremony', 'date of birth', '3 August 2000']
Error: Subject 'private ceremony' type 'ceremony' does not satisfy the property 'date of birth' subject constraints: ['individual organism', 'hypothetical person', 'prosopographical phantom', 'fictional human formerly considered to be historical', 'captive mammal', 'stillborn child', 'clonal colony', 'fictional organism', 'human whose existence is disputed', 'Hominin fossil', 'legendary figure', 'fictional animal character', 'fictional character', 'house cat', 'horse', 'human', 'dog']

Please provide a corrected set of triples for this subject, addressing the errors or unused declarations mentioned above."
Q1064881,"The following triples for the subject need attention:

Errors:
Triple: ['Marc Hensel', 'occupation', 'architect']
Error: Object 'architect' not defined as an instance.

Triple: ['David Frederick Green', 'occupation', 'land surveyor']
Error: Object 'land surveyor' not defined as an instance.

Triple: ['David Frederick Green', 'occupation', 'architect']
Error: Object 'architect' not defined as an instance.

Triple: ['Royal Designer for Industry', 'instance of', 'title of authority']
Error: Instance type 'title of authority' not associated with any property for subject 'Royal Designer for Industry'

Triple: ['Marc Hensel', 'title of authority', 'Royal Designer for Industry']
Error: Error: Property 'title of authority' not found in properties.

Unused Declarations:
Triple: ['Association for Computing Machinery', 'instance of', 'organization']
Note: Subject 'Association for Computing Machinery' is not used in other triples.

Triple: ['Gua Sunyaragi', 'instance of', 'architectural structure']
Note: Subject 'Gua Sunyaragi' is not used in other triples.

Please provide a corrected set of triples for this subject, addressing the errors or unused declarations mentioned above."
Q1064912,"The following triples for the subject need attention:

Errors:
Triple: ['SS Tacoma', 'instance of', 'vessel']
Error: Instance type 'vessel' not valid for subject 'SS Tacoma' with property 'country of citizenship'

Triple: ['Alexander Fadeyev', 'occupation', 'instructor in mathematics']
Error: Object 'instructor in mathematics' not defined as an instance.

Triple: ['Alexander Fadeyev', 'country of citizenship', 'unknown']
Error: Object 'unknown' not defined as an instance.

Triple: ['SS Tacoma', 'country of citizenship', 'unknown']
Error: Object 'unknown' not defined as an instance.

Unused Declarations:
Triple: ['United States', 'instance of', 'sovereign state']
Note: Subject 'United States' is not used in other triples.

Triple: ['1893', 'instance of', 'year']
Note: Subject '1893' is not used in other triples.

Triple: ['mathematics', 'instance of', 'academic discipline']
Note: Subject 'mathematics' is not used in other triples.

Please provide a corrected set of triples for this subject, addressing the errors or unused declarations mentioned above."
Q106508,"The following triples for the subject need attention:

Errors:
Triple: ['Gérard Depardieu', 'position held', 'cultural ambassador']
Error: Object 'cultural ambassador' type 'occupation' does not satisfy the property 'position held' value constraints: ['historical position', ""men's association football club"", ""men's association football team"", 'professorship', 'fictional office, position, or title', 'episcopal title', 'military position', 'East Asian government official', 'Council of state', 'artist-in-residence', 'title of authority', 'position', 'noble title', 'public office', 'administrative territorial entity', 'profession']

Triple: ['cultural ambassador', 'instance of', 'occupation']
Error: Instance type 'occupation' not valid for object 'cultural ambassador' with property 'position held'

Triple: ['cultural ambassador', 'place of activity', 'Montenegro']
Error: Error: Property 'place of activity' not found in properties.

Triple: ['Montenegro', 'instance of', 'sovereign state']
Error: Instance type 'sovereign state' not associated with any property for subject 'Montenegro'

Please provide a corrected set of triples for this subject, addressing the errors or unused declarations mentioned above."
Q1065219,"The following triples for the subject need attention:

Errors:
Triple: ['Louis-Philippe I', 'occupation', 'Professor']
Error: Object 'Professor' not defined as an instance.

Triple: ['Louis-Philippe I', 'occupation', 'leader of the Wilkinson Microwave Anisotropy Probe (WMAP)']
Error: Object 'leader of the Wilkinson Microwave Anisotropy Probe (WMAP)' not defined as an instance.

Please provide a corrected set of triples for this subject, addressing the errors or unused declarations mentioned above."
Q106529,"The following triples for the subject need attention:

Errors:
Triple: ['Comme au cin√©ma', 'instance of', 'song']
Error: Instance type 'song' not valid for subject 'Comme au cin√©ma' with property 'genre'

Triple: ['Irmtraud Morgner', 'occupation', 'model']
Error: Object 'model' not defined as an instance.

Triple: ['Mona Løseth', 'occupation', 'model']
Error: Object 'model' not defined as an instance.

Triple: ['Comme au cin√©ma', 'genre', 'music video']
Error: Object 'music video' not defined as an instance.

Please provide a corrected set of triples for this subject, addressing the errors or unused declarations mentioned above."
Q1065319,"The following triples for the subject need attention:

Errors:
Triple: ['Sandra Magnus', 'occupation', 'footballer']
Error: Object 'footballer' not defined as an instance.

Triple: ['Oscar Goerke', 'occupation', 'footballer']
Error: Object 'footballer' not defined as an instance.

Please provide a corrected set of triples for this subject, addressing the errors or unused declarations mentioned above."
Q1065352,"The following triples for the subject need attention:

Errors:
Triple: ['Jorge Cuesta', 'occupation', 'art historian']
Error: Object 'art historian' not defined as an instance.

Triple: ['Abd al-Rahman al-Sufi', 'occupation', 'art historian']
Error: Object 'art historian' not defined as an instance.

Triple: ['Abd al-Rahman al-Sufi', 'occupation', 'translator']
Error: Object 'translator' not defined as an instance.

Please provide a corrected set of triples for this subject, addressing the errors or unused declarations mentioned above."
Q106548,"The following triples for the subject need attention:

Errors:
Triple: ['James Maslow', 'occupation', 'presenter']
Error: Object 'presenter' not defined as an instance.

Triple: ['Aksana', 'occupation', 'CEO']
Error: Object 'CEO' not defined as an instance.

Unused Declarations:
Triple: ['Morgenmagazin', 'instance of', 'television program']
Note: Subject 'Morgenmagazin' is not used in other triples.

Triple: ['1992', 'instance of', 'year']
Note: Subject '1992' is not used in other triples.

Triple: ['14 August 2010', 'instance of', 'date']
Note: Subject '14 August 2010' is not used in other triples.

Triple: ['Schloss Ulrichshusen', 'instance of', 'architectural structure']
Note: Subject 'Schloss Ulrichshusen' is not used in other triples.

Please provide a corrected set of triples for this subject, addressing the errors or unused declarations mentioned above."
Q1065884,"The following triples for the subject need attention:

Errors:
Triple: ['Claude-Emmanuel de Pastoret', 'instance of', 'human']
Error: Instance type 'human' not valid for object 'Claude-Emmanuel de Pastoret' with property 'described by source'

Triple: ['Le Ren√©gat de Tanger', 'genre', 'cantata']
Error: Object 'cantata' not defined as an instance.

Triple: ['Le Ren√©gat de Tanger', 'described by source', 'Claude-Emmanuel de Pastoret']
Error: Object 'Claude-Emmanuel de Pastoret' type 'human' does not satisfy the property 'described by source' value constraints: ['YouTube video', 'Holocaust train journey', 'group of works', 'list', 'scientific book', 'publisher', 'correspondence', 'version, edition or translation', 'GLAM', 'work', 'concept', 'organization', 'web page', 'biography', 'video recording', 'book']

Unused Declarations:
Triple: ['1844', 'instance of', 'year']
Note: Subject '1844' is not used in other triples.

Please provide a corrected set of triples for this subject, addressing the errors or unused declarations mentioned above."
Q1066032,"The following triples for the subject need attention:

Errors:
Triple: ['Yu Hai', 'position held', 'auxiliary bishop']
Error: Object 'auxiliary bishop' not defined as an instance.

Triple: ['Yu Hai', 'consecrator', 'Mary Lee Woods']
Error: Subject 'Yu Hai' type 'human' does not satisfy the property 'consecrator' subject constraints: ['person']

Triple: ['Mary Lee Woods', 'occupation', 'Archbishop']
Error: Object 'Archbishop' not defined as an instance.

Please provide a corrected set of triples for this subject, addressing the errors or unused declarations mentioned above."
Q1066200,"The following triples for the subject need attention:

Errors:
Triple: ['Klara Dan von Neumann', 'award received', 'Fellow of the Royal Society']
Error: Object 'Fellow of the Royal Society' not defined as an instance.

Unused Declarations:
Triple: ['1953', 'instance of', 'year']
Note: Subject '1953' is not used in other triples.

Triple: ['1970', 'instance of', 'year']
Note: Subject '1970' is not used in other triples.

Please provide a corrected set of triples for this subject, addressing the errors or unused declarations mentioned above."
Q106624,"The following triples for the subject need attention:

Errors:
Triple: ['Theodor Fischer', 'award received', '1999 Nobel Prize in Physiology or Medicine']
Error: Object '1999 Nobel Prize in Physiology or Medicine' not defined as an instance.

Triple: ['Theodor Fischer', 'field of work', 'femtochemistry']
Error: Object 'femtochemistry' not defined as an instance.

Triple: ['Theodor Fischer', 'country of citizenship', 'Egypt']
Error: Object 'Egypt' not defined as an instance.

Please provide a corrected set of triples for this subject, addressing the errors or unused declarations mentioned above."
Q1066501,"The following triples for the subject need attention:

Errors:
Triple: ['Christian Ernest II, Duke of Saxe-Coburg-Saalfeld', 'occupation', 'NFL player']
Error: Object 'NFL player' not defined as an instance.

Triple: ['Pro Bowl', 'instance of', 'sporting event']
Error: Instance type 'sporting event' not valid for object 'Pro Bowl' with property 'award received'

Triple: ['Christian Ernest II, Duke of Saxe-Coburg-Saalfeld', 'award received', 'Pro Bowl']
Error: Object 'Pro Bowl' type 'sporting event' does not satisfy the property 'award received' value constraints: ['position', 'title of honor', 'horse race', 'beauty contest', 'class of award', 'homage', 'order of chivalry', 'military decoration', 'science award', 'recognition', 'award ceremony', 'grade of an order', 'fictional award', 'competition', 'Roman triumph', 'hall of fame', 'award', 'title of authority', 'competition', 'literary award', 'order', 'coat of arms', 'medallion']

Triple: ['Christian Ernest II, Duke of Saxe-Coburg-Saalfeld', 'place of birth', 'Saxe-Coburg']
Error: Object 'Saxe-Coburg' not defined as an instance.

Unused Declarations:
Triple: ['1998 NFL Draft', 'instance of', 'sporting event']
Note: Subject '1998 NFL Draft' is not used in other triples.

Please provide a corrected set of triples for this subject, addressing the errors or unused declarations mentioned above."
Q1066507,"The following triples for the subject need attention:

Errors:
Triple: ['Ernest Louis, Grand Duke of Hesse and by Rhine', 'occupation', 'Grand Duke of Hesse and by Rhine']
Error: Object 'Grand Duke of Hesse and by Rhine' not defined as an instance.

Please provide a corrected set of triples for this subject, addressing the errors or unused declarations mentioned above."
Q10666,"The following triples for the subject need attention:

Errors:
Triple: ['Princess Elisabeth of Anhalt', 'occupation', 'footballer']
Error: Object 'footballer' not defined as an instance.

Triple: ['Princess Elisabeth of Anhalt', 'sex or gender', 'male']
Error: Object 'male' not defined as an instance.

Please provide a corrected set of triples for this subject, addressing the errors or unused declarations mentioned above."
Q1066776,"The following triples for the subject need attention:

Errors:
Triple: ['stadion', 'instance of', 'foot race']
Error: Instance type 'foot race' not valid for object 'stadion' with property 'award received'

Triple: ['diaulos', 'instance of', 'foot race']
Error: Instance type 'foot race' not valid for object 'diaulos' with property 'award received'

Triple: ['La Parisienne', 'instance of', 'foot race']
Error: Instance type 'foot race' not valid for object 'La Parisienne' with property 'award received'

Triple: ['Anton I of Saxony', 'award received', 'stadion']
Error: Object 'stadion' type 'foot race' does not satisfy the property 'award received' value constraints: ['position', 'title of honor', 'horse race', 'beauty contest', 'class of award', 'homage', 'order of chivalry', 'military decoration', 'science award', 'recognition', 'award ceremony', 'grade of an order', 'fictional award', 'competition', 'Roman triumph', 'hall of fame', 'award', 'title of authority', 'competition', 'literary award', 'order', 'coat of arms', 'medallion']

Triple: ['Anton I of Saxony', 'award received', 'diaulos']
Error: Object 'diaulos' type 'foot race' does not satisfy the property 'award received' value constraints: ['position', 'title of honor', 'horse race', 'beauty contest', 'class of award', 'homage', 'order of chivalry', 'military decoration', 'science award', 'recognition', 'award ceremony', 'grade of an order', 'fictional award', 'competition', 'Roman triumph', 'hall of fame', 'award', 'title of authority', 'competition', 'literary award', 'order', 'coat of arms', 'medallion']

Triple: ['Anton I of Saxony', 'award received', 'La Parisienne']
Error: Object 'La Parisienne' type 'foot race' does not satisfy the property 'award received' value constraints: ['position', 'title of honor', 'horse race', 'beauty contest', 'class of award', 'homage', 'order of chivalry', 'military decoration', 'science award', 'recognition', 'award ceremony', 'grade of an order', 'fictional award', 'competition', 'Roman triumph', 'hall of fame', 'award', 'title of authority', 'competition', 'literary award', 'order', 'coat of arms', 'medallion']

Triple: ['Anton I of Saxony', 'sport', 'foot races']
Error: Object 'foot races' not defined as an instance.

Please provide a corrected set of triples for this subject, addressing the errors or unused declarations mentioned above."
Q10668,"The following triples for the subject need attention:

Errors:
Triple: ['Constantine II', 'occupation', 'football player']
Error: Object 'football player' not defined as an instance.

Please provide a corrected set of triples for this subject, addressing the errors or unused declarations mentioned above."
Q1066958,"The following triples for the subject need attention:

Errors:
Triple: ['Northern District Football Club', 'instance of', 'sports organization']
Error: Instance type 'sports organization' not valid for object 'Northern District Football Club' with property 'member of sports team'

Triple: ['Eric II, Duke of Brunswick-Lüneburg', 'member of sports team', 'Northern District Football Club']
Error: Object 'Northern District Football Club' type 'sports organization' does not satisfy the property 'member of sports team' value constraints: ['professional wrestling stable', 'department of a sports club', 'fictional sports club', 'fictional sports team', 'sports team', 'tag team', 'clan', 'sports club']

Please provide a corrected set of triples for this subject, addressing the errors or unused declarations mentioned above."
Q106706,"The following triples for the subject need attention:

Errors:
Triple: ['Peter Lilley', 'occupation', 'Olympic gymnast']
Error: Object 'Olympic gymnast' not defined as an instance.

Triple: ['Peter Lilley', 'country of citizenship', 'Canada']
Error: Object 'Canada' not defined as an instance.

Please provide a corrected set of triples for this subject, addressing the errors or unused declarations mentioned above."
Q106751,"The following triples for the subject need attention:

Errors:
Triple: ['George Lawrence Price', 'occupation', 'professor']
Error: Object 'professor' not defined as an instance.

Triple: ['George Lawrence Price', 'employer', 'University of New Hampshire, Santa Barbara']
Error: Subject 'George Lawrence Price' type 'person' does not satisfy the property 'employer' subject constraints: ['group of humans', 'fictional human', 'fictional location', 'fictional character', 'human']

Triple: ['George Lawrence Price', 'field of work', 'Physics']
Error: Object 'Physics' not defined as an instance.

Triple: ['George Lawrence Price', 'field of work', 'Materials']
Error: Object 'Materials' not defined as an instance.

Triple: ['George Lawrence Price', 'commenced', '1982']
Error: Error: Property 'commenced' not found in properties.

Unused Declarations:
Triple: ['Physics Department', 'instance of', 'academic department']
Note: Subject 'Physics Department' is not used in other triples.

Triple: ['Materials Department', 'instance of', 'academic department']
Note: Subject 'Materials Department' is not used in other triples.

Please provide a corrected set of triples for this subject, addressing the errors or unused declarations mentioned above."
Q106762,"The following triples for the subject need attention:

Errors:
Triple: ['Manuela Lutze', 'position held', 'President of the Royal Society']
Error: Object 'President of the Royal Society' not defined as an instance.

Unused Declarations:
Triple: ['Royal Society', 'instance of', 'organization']
Note: Subject 'Royal Society' is not used in other triples.

Please provide a corrected set of triples for this subject, addressing the errors or unused declarations mentioned above."
Q1067999,"The following triples for the subject need attention:

Errors:
Triple: ['1912', 'instance of', 'year']
Error: Instance type 'year' not associated with any property for subject '1912'

Triple: ['1914', 'instance of', 'year']
Error: Instance type 'year' not associated with any property for subject '1914'

Triple: ['Economics', 'instance of', 'academic discipline']
Error: Instance type 'academic discipline' not associated with any property for subject 'Economics'

Triple: ['Bachelor of Arts degree', 'date of award', '1912']
Error: Error: Property 'date of award' not found in properties.

Triple: ['Masters of Arts degree', 'date of award', '1914']
Error: Error: Property 'date of award' not found in properties.

Triple: ['Bachelor of Arts degree', 'subject', 'Economics']
Error: Error: Property 'subject' not found in properties.

Triple: ['Masters of Arts degree', 'subject', 'Economics']
Error: Error: Property 'subject' not found in properties.

Please provide a corrected set of triples for this subject, addressing the errors or unused declarations mentioned above."
Q106807,"The following triples for the subject need attention:

Errors:
Triple: ['Candidate Master title', 'instance of', 'chess title']
Error: Instance type 'chess title' not valid for object 'Candidate Master title' with property 'award received'

Triple: ['20 August 2003', 'instance of', 'date']
Error: Instance type 'date' not associated with any property for subject '20 August 2003'

Triple: ['Maria Sanchez', 'award received', 'Candidate Master title']
Error: Object 'Candidate Master title' type 'chess title' does not satisfy the property 'award received' value constraints: ['position', 'title of honor', 'horse race', 'beauty contest', 'class of award', 'homage', 'order of chivalry', 'military decoration', 'science award', 'recognition', 'award ceremony', 'grade of an order', 'fictional award', 'competition', 'Roman triumph', 'hall of fame', 'award', 'title of authority', 'competition', 'literary award', 'order', 'coat of arms', 'medallion']

Triple: ['Maria Sanchez', 'title of chess person', 'Candidate Master']
Error: Object 'Candidate Master' not defined as an instance.

Triple: ['Candidate Master title', 'date', '20 August 2003']
Error: Error: Property 'date' not found in properties.

Please provide a corrected set of triples for this subject, addressing the errors or unused declarations mentioned above."
Q106942,"The following triples for the subject need attention:

Errors:
Triple: ['Dean Ho', 'occupation', 'film director']
Error: Object 'film director' not defined as an instance.

Triple: ['Dean Ho', 'country of citizenship', 'France']
Error: Object 'France' not defined as an instance.

Please provide a corrected set of triples for this subject, addressing the errors or unused declarations mentioned above."
Q1069456,"The following triples for the subject need attention:

Errors:
Triple: ['1993‚Äì94 Serie C1', 'instance of', 'sports competition']
Error: Instance type 'sports competition' not valid for subject '1993‚Äì94 Serie C1' with property 'member of sports team'

Triple: ['1994‚Äì95 Serie A', 'instance of', 'sports competition']
Error: Instance type 'sports competition' not valid for subject '1994‚Äì95 Serie A' with property 'member of sports team'

Triple: ['1993‚Äì94 Serie C1', 'member of sports team', 'Juventus FC']
Error: Subject '1993‚Äì94 Serie C1' type 'sports competition' does not satisfy the property 'member of sports team' subject constraints: ['VTuber', 'mascot', 'group of humans', 'fictional human', 'mascot character', 'fictional character', 'human']

Triple: ['1994‚Äì95 Serie A', 'member of sports team', 'Hellas Verona FC']
Error: Subject '1994‚Äì95 Serie A' type 'sports competition' does not satisfy the property 'member of sports team' subject constraints: ['VTuber', 'mascot', 'group of humans', 'fictional human', 'mascot character', 'fictional character', 'human']

Please provide a corrected set of triples for this subject, addressing the errors or unused declarations mentioned above."
Q106986,"The following triples for the subject need attention:

Errors:
Triple: ['Abitur', 'instance of', 'award received']
Error: Instance type 'award received' not valid for object 'Abitur' with property 'award received'

Triple: ['Military of the Goryeo dynasty', 'instance of', 'military branch']
Error: Instance type 'military branch' not valid for object 'Military of the Goryeo dynasty' with property 'occupation'

Triple: ['Signals Detachment 5', 'instance of', 'military unit']
Error: Instance type 'military unit' not valid for object 'Signals Detachment 5' with property 'position held'

Triple: ['Hans Hartwig von Beseler', 'occupation', 'Military of the Goryeo dynasty']
Error: Object 'Military of the Goryeo dynasty' type 'military branch' does not satisfy the property 'occupation' value constraints: ['fictional analog of an occupation', 'Catholic vocation', 'Christian religious occupation', 'fictional religious occupation', 'fictional profession', 'occupation', 'position', 'job activity', 'title of authority', 'profession']

Triple: ['Hans Hartwig von Beseler', 'position held', 'Signals Detachment 5']
Error: Object 'Signals Detachment 5' type 'military unit' does not satisfy the property 'position held' value constraints: ['historical position', ""men's association football club"", ""men's association football team"", 'professorship', 'fictional office, position, or title', 'episcopal title', 'military position', 'East Asian government official', 'Council of state', 'artist-in-residence', 'title of authority', 'position', 'noble title', 'public office', 'administrative territorial entity', 'profession']

Triple: ['Hans Hartwig von Beseler', 'award received', 'Abitur']
Error: Object 'Abitur' type 'award received' does not satisfy the property 'award received' value constraints: ['position', 'title of honor', 'horse race', 'beauty contest', 'class of award', 'homage', 'order of chivalry', 'military decoration', 'science award', 'recognition', 'award ceremony', 'grade of an order', 'fictional award', 'competition', 'Roman triumph', 'hall of fame', 'award', 'title of authority', 'competition', 'literary award', 'order', 'coat of arms', 'medallion']

Please provide a corrected set of triples for this subject, addressing the errors or unused declarations mentioned above."
Q106997,"The following triples for the subject need attention:

Unused Declarations:
Triple: ['December 18, 1984', 'instance of', 'time period']
Note: Subject 'December 18, 1984' is not used in other triples.

Please provide a corrected set of triples for this subject, addressing the errors or unused declarations mentioned above."
Q107037,"The following triples for the subject need attention:

Errors:
Triple: ['Friedrich Karl Ludwig', 'field of work', 'non-violent struggle for the safety of women']
Error: Object 'non-violent struggle for the safety of women' not defined as an instance.

Triple: ['Friedrich Karl Ludwig', 'field of work', ""women's rights to full participation in peace-building work""]
Error: Object 'women's rights to full participation in peace-building work' not defined as an instance.

Triple: ['Ellen Johnson Sirleaf', 'field of work', 'non-violent struggle for the safety of women']
Error: Object 'non-violent struggle for the safety of women' not defined as an instance.

Triple: ['Ellen Johnson Sirleaf', 'field of work', ""women's rights to full participation in peace-building work""]
Error: Object 'women's rights to full participation in peace-building work' not defined as an instance.

Triple: ['Tawakkul Karman', 'field of work', 'non-violent struggle for the safety of women']
Error: Object 'non-violent struggle for the safety of women' not defined as an instance.

Triple: ['Tawakkul Karman', 'field of work', ""women's rights to full participation in peace-building work""]
Error: Object 'women's rights to full participation in peace-building work' not defined as an instance.

Please provide a corrected set of triples for this subject, addressing the errors or unused declarations mentioned above."
Q107051,"The following triples for the subject need attention:

Errors:
Triple: ['Serie A', 'instance of', 'league']
Error: Instance type 'league' not valid for object 'Serie A' with property 'participant in'

Triple: ['AC Cesena', 'participant in', 'Serie A']
Error: Object 'Serie A' type 'league' does not satisfy the property 'participant in' value constraints: ['fictional occurrence', 'activity', 'event', 'work', 'occurrence', 'experiment', 'organization']

Triple: ['Palermo', 'participant in', 'Serie A']
Error: Object 'Serie A' type 'league' does not satisfy the property 'participant in' value constraints: ['fictional occurrence', 'activity', 'event', 'work', 'occurrence', 'experiment', 'organization']

Triple: ['AC Cesena', 'league', 'Serie A']
Error: Subject 'AC Cesena' type 'sports team' does not satisfy the property 'league' subject constraints: ['sports award', 'sports transaction', 'sporting event', 'sports organization', 'competition', 'human']

Triple: ['Palermo', 'league', 'Serie A']
Error: Subject 'Palermo' type 'sports team' does not satisfy the property 'league' subject constraints: ['sports award', 'sports transaction', 'sporting event', 'sports organization', 'competition', 'human']

Triple: ['Eric Baumann', 'occupation', 'footballer']
Error: Object 'footballer' not defined as an instance.

Triple: ['Brescia', 'participant in', 'Serie A']
Error: Object 'Serie A' type 'league' does not satisfy the property 'participant in' value constraints: ['fictional occurrence', 'activity', 'event', 'work', 'occurrence', 'experiment', 'organization']

Triple: ['Eric Baumann', 'work period (start)', '2003']
Error: Object '2003' not defined as an instance.

Please provide a corrected set of triples for this subject, addressing the errors or unused declarations mentioned above."
Q1070533,"The following triples for the subject need attention:

Errors:
Triple: ['Institute of Combinatorics and its Applications', 'instance of', 'organization']
Error: Instance type 'organization' not associated with any property for subject 'Institute of Combinatorics and its Applications'

Triple: ['2011 Adam Smith Award', 'issuer', 'Institute of Combinatorics and its Applications']
Error: Error: Property 'issuer' not found in properties.

Please provide a corrected set of triples for this subject, addressing the errors or unused declarations mentioned above."
Q10709,"The following triples for the subject need attention:

Errors:
Triple: ['Stevie Wonder', 'sport', 'football']
Error: Object 'football' not defined as an instance.

Unused Declarations:
Triple: ['Empoli', 'instance of', 'sports team']
Note: Subject 'Empoli' is not used in other triples.

Triple: ['Internazionale', 'instance of', 'sports team']
Note: Subject 'Internazionale' is not used in other triples.

Triple: ['Coppa Italia loss against Empoli', 'instance of', 'sports event']
Note: Subject 'Coppa Italia loss against Empoli' is not used in other triples.

Triple: ['3‚Äì2 loss against Internazionale', 'instance of', 'sports event']
Note: Subject '3‚Äì2 loss against Internazionale' is not used in other triples.

Please provide a corrected set of triples for this subject, addressing the errors or unused declarations mentioned above."
Q1071060,"The following triples for the subject need attention:

Errors:
Triple: ['Thomas Hoeren', 'position played on team / speciality', 'backup']
Error: Object 'backup' not defined as an instance.

Please provide a corrected set of triples for this subject, addressing the errors or unused declarations mentioned above."
Q10711,"The following triples for the subject need attention:

Errors:
Triple: ['Engelbert Kaempfer', 'given name', 'Engelbert']
Error: Object 'Engelbert' not defined as an instance.

Triple: ['Engelbert Kaempfer', 'family name', 'Kaempfer']
Error: Object 'Kaempfer' not defined as an instance.

Triple: ['Engelbert Kaempfer', 'work period (start)', '2001']
Error: Object '2001' not defined as an instance.

Triple: ['Engelbert Kaempfer', 'work period (start)', '2004']
Error: Object '2004' not defined as an instance.

Triple: ['Jens Lehmann', 'given name', 'Jens']
Error: Object 'Jens' not defined as an instance.

Triple: ['Jens Lehmann', 'family name', 'Lehmann']
Error: Object 'Lehmann' not defined as an instance.

Triple: ['Engelbert Kaempfer', 'occupation', 'backup to Jens Lehmann']
Error: Object 'backup to Jens Lehmann' not defined as an instance.

Please provide a corrected set of triples for this subject, addressing the errors or unused declarations mentioned above."
Q10715,"The following triples for the subject need attention:

Errors:
Triple: ['3 May 2009', 'instance of', 'date']
Error: Instance type 'date' not valid for object '3 May 2009' with property 'participant in'

Triple: ['Scottish Premiership', 'instance of', 'sports league']
Error: Instance type 'sports league' not valid for object 'Scottish Premiership' with property 'participant in'

Triple: ['22 November 2012', 'instance of', 'date']
Error: Instance type 'date' not valid for object '22 November 2012' with property 'participant in'

Triple: ['Louis de Wohl', 'participant in', '3 May 2009']
Error: Object '3 May 2009' type 'date' does not satisfy the property 'participant in' value constraints: ['fictional occurrence', 'activity', 'event', 'work', 'occurrence', 'experiment', 'organization']

Triple: ['Alfreton Town F.C.', 'participant in', 'Scottish Premiership']
Error: Object 'Scottish Premiership' type 'sports league' does not satisfy the property 'participant in' value constraints: ['fictional occurrence', 'activity', 'event', 'work', 'occurrence', 'experiment', 'organization']

Triple: ['Louis de Wohl', 'participant in', '22 November 2012']
Error: Object '22 November 2012' type 'date' does not satisfy the property 'participant in' value constraints: ['fictional occurrence', 'activity', 'event', 'work', 'occurrence', 'experiment', 'organization']

Unused Declarations:
Triple: ['Derby County', 'instance of', 'sports team']
Note: Subject 'Derby County' is not used in other triples.

Triple: ['1 February 2016', 'instance of', 'date']
Note: Subject '1 February 2016' is not used in other triples.

Triple: ['2015-16 season', 'instance of', 'time period']
Note: Subject '2015-16 season' is not used in other triples.

Triple: ['early January', 'instance of', 'time period']
Note: Subject 'early January' is not used in other triples.

Triple: ['2012-13 season', 'instance of', 'time period']
Note: Subject '2012-13 season' is not used in other triples.

Triple: ['8 January 2013', 'instance of', 'date']
Note: Subject '8 January 2013' is not used in other triples.

Please provide a corrected set of triples for this subject, addressing the errors or unused declarations mentioned above."
Q107150,"The following triples for the subject need attention:

Errors:
Triple: ['2002', 'instance of', 'year']
Error: Instance type 'year' not associated with any property for subject '2002'

Triple: ['Westphalia', 'instance of', 'geographic location']
Error: Instance type 'geographic location' not associated with any property for subject 'Westphalia'

Triple: ['G. K. Gilbert Award', 'employer', 'Westfälische Wilhelms-Universität in Münster']
Error: Subject 'G. K. Gilbert Award' type 'award' does not satisfy the property 'employer' subject constraints: ['group of humans', 'fictional human', 'fictional location', 'fictional character', 'human']

Triple: ['Westfälische Wilhelms-Universität in Münster', 'located in', 'Westphalia']
Error: Error: Property 'located in' not found in properties.

Triple: ['Francesco Calcagno', 'year of receipt', '2002']
Error: Error: Property 'year of receipt' not found in properties.

Please provide a corrected set of triples for this subject, addressing the errors or unused declarations mentioned above."
Q10718,"The following triples for the subject need attention:

Errors:
Triple: ['Angelo Taylor', 'position played on team / speciality', 'midfield']
Error: Object 'midfield' not defined as an instance.

Triple: ['Angelo Taylor', 'date of birth', '13 October 2006']
Error: Object '13 October 2006' not defined as an instance.

Triple: ['Angelo Taylor', 'given name', 'Angelo']
Error: Object 'Angelo' not defined as an instance.

Triple: ['Angelo Taylor', 'family name', 'Taylor']
Error: Object 'Taylor' not defined as an instance.

Triple: ['Sean Dyche', 'coach of sports team', 'Goyang Zaicro FC']
Error: Object 'Goyang Zaicro FC' type 'sports team' does not satisfy the property 'coach of sports team' value constraints: ['fictional sports club', 'sports organization']

Triple: ['Sean Dyche', 'given name', 'Sean']
Error: Object 'Sean' not defined as an instance.

Triple: ['Sean Dyche', 'family name', 'Dyche']
Error: Object 'Dyche' not defined as an instance.

Unused Declarations:
Triple: ['Club Real Potosí', 'instance of', 'sports team']
Note: Subject 'Club Real Potosí' is not used in other triples.

Triple: ['Reading', 'instance of', 'sports team']
Note: Subject 'Reading' is not used in other triples.

Please provide a corrected set of triples for this subject, addressing the errors or unused declarations mentioned above."
Q10720,"The following triples for the subject need attention:

Errors:
Triple: ['Otto IV, Count of Wittelsbach', 'work period (start)', '31 August 2012']
Error: Object '31 August 2012' not defined as an instance.

Triple: ['Otto IV, Count of Wittelsbach', 'work period (start)', '28 July 2011']
Error: Object '28 July 2011' not defined as an instance.

Please provide a corrected set of triples for this subject, addressing the errors or unused declarations mentioned above."
Q10723,"The following triples for the subject need attention:

Errors:
Triple: ['Angelo Alessio', 'occupation', 'footballer']
Error: Object 'footballer' not defined as an instance.

Please provide a corrected set of triples for this subject, addressing the errors or unused declarations mentioned above."
Q10724,"The following triples for the subject need attention:

Errors:
Triple: ['League Two', 'instance of', 'sports organization']
Error: Instance type 'sports organization' not valid for object 'League Two' with property 'participant in'

Triple: ['Championship', 'instance of', 'sports organization']
Error: Instance type 'sports organization' not valid for object 'Championship' with property 'participant in'

Triple: ['Richard Sapper', 'participant in', 'League Two']
Error: Object 'League Two' type 'sports organization' does not satisfy the property 'participant in' value constraints: ['fictional occurrence', 'activity', 'event', 'work', 'occurrence', 'experiment', 'organization']

Triple: ['Richard Sapper', 'participant in', 'Championship']
Error: Object 'Championship' type 'sports organization' does not satisfy the property 'participant in' value constraints: ['fictional occurrence', 'activity', 'event', 'work', 'occurrence', 'experiment', 'organization']

Please provide a corrected set of triples for this subject, addressing the errors or unused declarations mentioned above."
Q107249,"The following triples for the subject need attention:

Errors:
Triple: ['Francis Arinze', 'married', '1992']
Error: Error: Property 'married' not found in properties.

Please provide a corrected set of triples for this subject, addressing the errors or unused declarations mentioned above."
Q10725,"The following triples for the subject need attention:

Errors:
Triple: ['Halesowen Town', 'league', 'Championship club']
Error: Subject 'Halesowen Town' type 'sports team' does not satisfy the property 'league' subject constraints: ['sports award', 'sports transaction', 'sporting event', 'sports organization', 'competition', 'human']

Triple: ['Club Real Potosí', 'league', 'Premier League']
Error: Subject 'Club Real Potosí' type 'sports team' does not satisfy the property 'league' subject constraints: ['sports award', 'sports transaction', 'sporting event', 'sports organization', 'competition', 'human']

Triple: ['FC Mordovia Saransk', 'occupies', 'Championship club']
Error: Error: Property 'occupies' not found in properties.

Triple: ['Friedrich Wilhelm Schultz', 'position played on team / speciality', 'captain']
Error: Object 'captain' not defined as an instance.

Unused Declarations:
Triple: ['2006‚Äì07 season', 'instance of', 'sporting event']
Note: Subject '2006‚Äì07 season' is not used in other triples.

Triple: ['2014‚Äì15 season', 'instance of', 'sporting event']
Note: Subject '2014‚Äì15 season' is not used in other triples.

Please provide a corrected set of triples for this subject, addressing the errors or unused declarations mentioned above."
Q10726,"The following triples for the subject need attention:

Errors:
Triple: ['Waldemar Pawlak', 'occupation', 'footballer']
Error: Object 'footballer' not defined as an instance.

Triple: ['Waldemar Pawlak', 'work period (start)', '30 June 2014']
Error: Object '30 June 2014' not defined as an instance.

Triple: ['Waldemar Pawlak', 'work period (end)', '28 October 2014']
Error: Object '28 October 2014' not defined as an instance.

Triple: ['TSV Straubing', 'league', '2000 Football League Trophy Final']
Error: Subject 'TSV Straubing' type 'sports team' does not satisfy the property 'league' subject constraints: ['sports award', 'sports transaction', 'sporting event', 'sports organization', 'competition', 'human']

Please provide a corrected set of triples for this subject, addressing the errors or unused declarations mentioned above."
Q10727,"The following triples for the subject need attention:

Errors:
Triple: ['Dinamo Tbilisi', 'instance of', 'sports team']
Error: Instance type 'sports team' not associated with any property for subject 'Dinamo Tbilisi'

Triple: ['Dorothee Sölle', 'work period (start)', '18 August 2011']
Error: Object '18 August 2011' not defined as an instance.

Triple: ['Dorothee Sölle', 'work period (start)', '22 July 2010']
Error: Object '22 July 2010' not defined as an instance.

Triple: ['Godoy Cruz Antonio Tomba', 'sports match against', 'Dinamo Tbilisi']
Error: Error: Property 'sports match against' not found in properties.

Triple: ['Godoy Cruz Antonio Tomba', 'sports match results', '1-0']
Error: Error: Property 'sports match results' not found in properties.

Unused Declarations:
Triple: ['Europa League qualification', 'instance of', 'sport event']
Note: Subject 'Europa League qualification' is not used in other triples.

Please provide a corrected set of triples for this subject, addressing the errors or unused declarations mentioned above."
Q10729,"The following triples for the subject need attention:

Unused Declarations:
Triple: ['Inverness CT', 'instance of', 'sports team']
Note: Subject 'Inverness CT' is not used in other triples.

Please provide a corrected set of triples for this subject, addressing the errors or unused declarations mentioned above."
Q10730,"The following triples for the subject need attention:

Errors:
Triple: ['Nikolai Ogarkov', 'member of sports team', 'SV Sodingen']
Error: Object 'SV Sodingen' type 'sports team in League One' does not satisfy the property 'member of sports team' value constraints: ['professional wrestling stable', 'department of a sports club', 'fictional sports club', 'fictional sports team', 'sports team', 'tag team', 'clan', 'sports club']

Triple: ['SV Sodingen', 'instance of', 'sports team in League One']
Error: Instance type 'sports team in League One' not valid for object 'SV Sodingen' with property 'member of sports team'

Unused Declarations:
Triple: ['5 August 2015', 'instance of', 'date']
Note: Subject '5 August 2015' is not used in other triples.

Triple: ['League One', 'instance of', 'sports league']
Note: Subject 'League One' is not used in other triples.

Triple: ['January 2016', 'instance of', 'date']
Note: Subject 'January 2016' is not used in other triples.

Please provide a corrected set of triples for this subject, addressing the errors or unused declarations mentioned above."
Q10732,"The following triples for the subject need attention:

Unused Declarations:
Triple: ['Charlton Athletic', 'instance of', 'sports team']
Note: Subject 'Charlton Athletic' is not used in other triples.

Please provide a corrected set of triples for this subject, addressing the errors or unused declarations mentioned above."
Q10733,"The following triples for the subject need attention:

Errors:
Triple: ['Raphael', 'work period (start)', 'October 2013']
Error: Object 'October 2013' not defined as an instance.

Unused Declarations:
Triple: ['Scottish Cup', 'instance of', 'sport']
Note: Subject 'Scottish Cup' is not used in other triples.

Triple: ['Brunton Park', 'instance of', 'architectural structure']
Note: Subject 'Brunton Park' is not used in other triples.

Triple: ['Scottish Cup', 'instance of', 'competition']
Note: Subject 'Scottish Cup' is not used in other triples.

Please provide a corrected set of triples for this subject, addressing the errors or unused declarations mentioned above."
Q1055367,"The following triples for the subject need attention:

Unused Declarations:
Triple: ['1948', 'instance of', 'year']
Note: Subject '1948' is not used in other triples.

Please provide a corrected set of triples for this subject, addressing the errors or unused declarations mentioned above."
Q10735,"The following triples for the subject need attention:

Errors:
Triple: ['Yassin El-Azzouzi', 'occupation', 'football player']
Error: Object 'football player' not defined as an instance.

Triple: ['Yassin El-Azzouzi', 'sport', 'football']
Error: Object 'football' not defined as an instance.

Triple: ['Yassin El-Azzouzi', 'family name', 'El-Azzouzi']
Error: Object 'El-Azzouzi' not defined as an instance.

Triple: ['Yassin El-Azzouzi', 'given name', 'Yassin']
Error: Object 'Yassin' not defined as an instance.

Unused Declarations:
Triple: ['Hull City', 'instance of', 'sports team']
Note: Subject 'Hull City' is not used in other triples.

Triple: ['Fulham', 'instance of', 'sports team']
Note: Subject 'Fulham' is not used in other triples.

Triple: ['Czech Revelation of the Year', 'instance of', 'sports award']
Note: Subject 'Czech Revelation of the Year' is not used in other triples.

Please provide a corrected set of triples for this subject, addressing the errors or unused declarations mentioned above."
Q10736,"The following triples for the subject need attention:

Errors:
Triple: ['Rudolf Clausius', 'participant in', 'home defeat against Ipswich C.S. Herediano']
Error: Object 'home defeat against Ipswich C.S. Herediano' not defined as an instance.

Triple: ['Rudolf Clausius', 'participant in', '2‚Äì2 draw against Blackpool']
Error: Object '2‚Äì2 draw against Blackpool' not defined as an instance.

Triple: ['Rudolf Clausius', 'work period (start)', '28 February 2009']
Error: Object '28 February 2009' not defined as an instance.

Triple: ['Rudolf Clausius', 'work period (start)', '21 August 2012']
Error: Object '21 August 2012' not defined as an instance.

Triple: ['Rudolf Clausius', 'work period (start)', 'January 2008']
Error: Object 'January 2008' not defined as an instance.

Triple: ['Rudolf Clausius', 'work period (start)', '22 July 2013']
Error: Object '22 July 2013' not defined as an instance.

Unused Declarations:
Triple: ['Ipswich C.S. Herediano', 'instance of', 'sports team']
Note: Subject 'Ipswich C.S. Herediano' is not used in other triples.

Triple: ['Blackpool', 'instance of', 'sports team']
Note: Subject 'Blackpool' is not used in other triples.

Please provide a corrected set of triples for this subject, addressing the errors or unused declarations mentioned above."
